y,Ne,Nd,Pe,Pd+,Te,Td+,Td,NVd+,NVd
0.029296875,6.972607238872841e+18,10922052909153.959,22.73440644819326,71.88054425011646,20.350637758253526,64.3436605224733,63.54462272798443,1.0870421633719421e+18,-99233535172922.3
0.048828125,6.974292028640722e+18,10923482617685.213,22.726711996570188,71.85583649396085,20.338835623276196,64.30600519840598,63.5407785224852,1.358407028988869e+18,-165151694838878.62
0.068359375,6.976868814722672e+18,10925592905814.34,22.721897672198196,71.8402346004844,20.32701692924567,64.26829742623333,63.535130064099974,1.3770409677443471e+18,-230737328775182.78
0.087890625,6.980139768760897e+18,10928360204230.033,22.719314651061442,71.83168648671963,20.315181824117253,64.2305371827674,63.52775818360507,1.244222054355723e+18,-295880621540417.25
0.107421875,6.983910571202378e+18,10931761350688.01,22.718328773553523,71.82818140981863,20.303332030253234,64.19272489505128,63.518740913738355,1.0358881071000302e+18,-360481573454506.94
0.126953125,6.988016046686287e+18,10935773713557.822,22.71839743334555,71.82801143690651,20.29146510112444,64.15485970641737,63.50815349494919,8.049076804125413e+17,-424450515502749.9
0.146484375,6.99232441414625e+18,10940375304653.959,22.71908962377215,71.82981623478551,20.279580244214817,64.11694126444928,63.49606835768461,5.849319887821775e+17,-487708349033641.0
0.166015625,6.996737525070711e+18,10945544874143.49,22.720088108135407,71.83258502779884,20.26767984240513,64.0789701777655,63.48255509500085,3.9473746735805466e+17,-550186463636576.56
0.185546875,7.001187470156408e+18,10951261983779.984,22.721170829263084,71.83561852104123,20.25576297131357,64.04094601060689,63.46768043854992,2.4231787337489946e+17,-611826376934913.8
0.205078125,7.005631388294581e+18,10957507049791.91,22.72219842439364,71.83847621191521,20.24382954183308,64.0028685835915,63.45150826204357,1.284238041225661e+17,-672579160692390.6
0.224609375,7.01004575569625e+18,10964261362301.197,22.72309454086509,71.84091680887786,20.231879465464754,63.96473771001641,63.43409960711772,4.943751519729174e+16,-732404725635041.0
0.244140625,7.014420968376729e+18,10971507083822.096,22.723828103629007,71.84284216000908,20.21991265632712,63.92655319898153,63.41551273393918,-466529063340486.56,-791271025917719.5
0.263671875,7.018756668803655e+18,10979227231383.016,22.72439805359769,71.84424899452112,20.207929033015496,63.888314857604094,63.395803193576384,-2.7808066413272176e+16,-849153237079372.0
0.283203125,7.023058005865633e+18,10987405646892.31,22.724821159111915,71.84519038138913,20.19592852025899,63.85002249243081,63.375023917548525,-3.882805125552394e+16,-906032948448808.5
0.302734375,7.027333035831396e+18,10996026960097.1,22.725123551194788,71.84574898918302,20.183911042753564,63.811675910242265,63.35322531906643,-3.893838683916385e+16,-961897399228987.6
0.322265625,7.031590089017866e+18,11005076546988.812,22.725332199554998,71.8460100685144,20.171876538307906,63.77327489911689,63.33045540244003,-3.2496220987451044e+16,-1016738773373363.2
0.341796875,7.035837466260176e+18,11014540487850.598,22.725473909232417,71.84605841668282,20.159824939971166,63.73481929347833,63.306759873852116,-2.2778549758875744e+16,-1070553563659563.1
0.361328125,7.040082223408208e+18,11024405525753.734,22.725571409111677,71.84596590527347,20.147756186803292,63.696308913630915,63.28218225153709,-1.2069971053500606e+16,-1123342007861858.1
0.380859375,7.044330005858437e+18,11034659027042.97,22.7256428242529,71.84578980282488,20.135670218823513,63.6577435414859,63.25676397321958,-1826535991208376.2,-1175107590881007.2
0.400390625,7.048585032551219e+18,11045288944696.816,22.725701637708866,71.84557273615358,20.123566976946588,63.61912299277653,63.23054449867307,7138947915579525.0,-1225856609483061.5
0.419921875,7.052850238067642e+18,11056283784807.113,22.725757161480324,71.84534413475183,20.11144640244532,63.58044707554204,63.20356140660073,1.4480184510316378e+16,-1275597792240791.2
0.439453125,7.057127493169432e+18,11067632576147.906,22.725815258640527,71.84512252346124,20.09930843655771,63.541715597219486,63.1758504856461,2.0163315798630584e+16,-1324341967442197.5
0.458984375,7.061417848117163e+18,11079324842625.412,22.72587913638486,71.84491803063857,20.087153020220363,63.50292836445539,63.14744581964201,2.4342729056188252e+16,-1372101772074320.8
0.478515625,7.065721763124022e+18,11091350578293.219,22.725950095026267,71.84473475661932,20.07498009391389,63.46408518296134,63.11837986746791,2.7267660515970736e+16,-1418891395702745.5
0.498046875,7.070039307583469e+18,11103700224597.158,22.72602817402642,71.84457281640492,20.06278959757569,63.42518585741062,63.08868353796184,2.9216914684735976e+16,-1464726353945137.0
0.517578125,7.074370319251391e+18,11116364649475.03,22.72611266713463,71.84442996832114,20.05058147057087,63.386230191369556,63.05838626049323,3.0457151472827644e+16,-1509623287139841.5
0.537109375,7.078714522663304e+18,11129335127958.004,22.726202504839353,71.84430282305162,20.03835565170094,63.347217987255114,63.02751605181259,3.1219534513735676e+16,-1553599780667808.2
0.556640625,7.08307161108828e+18,11142603324093.406,22.726296518461783,71.84418767842779,20.026112079229886,63.30814904631227,62.996099579407094,3.168970658881685e+16,-1596674204100433.0
0.576171875,7.087441298122424e+18,11156161273975.736,22.72639360594913,71.84408104340763,20.013850690922276,63.269023168603965,62.964162221744516,3.2006708581891336e+16,-1638865566883869.0
0.595703125,7.091823346269062e+18,11170001369662.424,22.726492823305545,71.84397992698761,20.00157142407581,63.229840153008915,62.93172812587131,3.226731077667559e+16,-1680193388742526.2
0.615234375,7.096217578417606e+18,11184116343878.527,22.72659342091658,71.8438819529003,19.98927421555499,63.19059979722348,62.898820262534606,3.253308432175983e+16,-1720677583351553.8
0.634765625,7.100623878103624e+18,11198499255423.504,22.7266948438208,71.84378536036158,19.9769590018183,63.151301897764455,62.8654604790099,3.2838326732152596e+16,-1760338354059491.0
0.654296875,7.105042183229904e+18,11213143475219.66,22.72679671105166,71.843688938679,19.964625718938397,63.11194624997136,62.831669549769465,3.319764185864696e+16,-1799196100618453.2
0.673828125,7.109472476635111e+18,11228042672961.07,22.726898784966643,71.84359193023172,19.952274302615738,63.072532648007055,62.79746722509392,3.361251163550249e+16,-1837271336002312.5
0.693359375,7.113914775785561e+18,11243190804333.854,22.727000937878632,71.84349392494295,19.939904688186786,63.03306088485644,62.762872277705725,3.4076575581097976e+16,-1874584612479922.8
0.712890625,7.118369123022756e+18,11258582098786.412,22.727103120577453,71.84339476074437,19.92751681062778,62.99353075232299,62.72790254749042,3.457958384520034e+16,-1911156456174241.8
0.732421875,7.122835577180412e+18,11274211047832.055,22.72720533533221,71.84329443821824,19.915110604555256,62.95394204102376,62.69257498436309,3.5110142674733864e+16,-1947007309388397.5
0.751953125,7.127314206922683e+18,11290072393868.043,22.72730761447837,71.84319305290285,19.902686004224137,62.91429454038246,62.656905689334295,3.565745220989731e+16,-1982157480023256.5
0.771484375,7.131805085822804e+18,11306161119495.47,22.72741000462835,71.84309074538096,19.890242943524363,62.87458803862148,62.6209099538289,3.621226414543719e+16,-2016627097451268.0
0.791015625,7.136308288994708e+18,11322472437323.383,22.72751255588546,71.84298766718817,19.877781355976566,62.834822322753155,62.58460229731217,3.676727776675728e+16,-2050436074250636.8
0.810546875,7.140823890994738e+18,11339001780239.656,22.727615315140024,71.84288395962646,19.865301174727488,62.794997178570014,62.54799650327937,3.731716297026553e+16,-2083604073243424.5
0.830078125,7.145351964693109e+18,11355744792130.61,22.727718322475138,71.84277974240821,19.85280233254533,62.75511239063501,62.51110565366558,3.785836083426327e+16,-2116150479320588.2
0.849609375,7.149892580838623e+18,11372697319030.172,22.727821609789746,71.84267510930881,19.840284761815205,62.715167742271355,62.47394216173468,3.838877422049776e+16,-2148094375576373.2
0.869140625,7.154445808080768e+18,11389855400679.553,22.727925200880332,71.84257012842883,19.827748394534854,62.675163015552016,62.436517803505744,3.8907426770660696e+16,-2179454523313243.2
0.888671875,7.159011713259752e+18,11407215262478.434,22.728029112373275,71.84246484514436,19.815193162310607,62.635097991289484,62.3988437477752,3.941414013471981e+16,-2210249345515792.2
0.908203125,7.163590361822537e+18,11424773307808.566,22.72813335505376,71.84235928630983,19.80261899635358,62.594972449025235,62.36093058479265,3.990925687908808e+16,-2240496913427712.8
0.927734375,7.168181818267473e+18,11442526110711.812,22.728237935280678,71.84225346473157,19.790025827476075,62.55478616701933,62.32278835364645,4.039342023547249e+16,-2270214935899494.5
0.947265625,7.172786146557809e+18,11460470408904.941,22.728342856297648,71.84214738331241,19.77741358608814,62.514538922239936,62.28442656841372,4.086741106359638e+16,-2299420751205534.5
0.966796875,7.17740341047288e+18,11478603097114.545,22.72844811934181,71.84204103855653,19.764782202194233,62.47423049035278,62.24585424312804,4.133203608057999e+16,-2328131321058068.5
0.986328125,7.182033673885371e+18,11496921220716.133,22.728553724514498,71.84193442332094,19.752131605389962,62.433860645710666,62.207079915615225,4.178805836139764e+16,-2356363226571613.5
1.005859375,7.186677000965602e+18,11515421969662.66,22.728659671417667,71.84182752882664,19.73946172485883,62.39342916134277,62.16811167024666,4.223616026928763e+16,-2384132665955479.0
1.025390625,7.19133345632117e+18,11534102672688.115,22.728765959583495,71.84172034601578,19.726772489368987,62.35293580894412,62.12895715965654,4.267692951204133e+16,-2411455453733468.0
1.044921875,7.196003105083881e+18,11552960791773.191,22.728872588735747,71.8416128663767,19.71406382726999,62.31238035886463,62.08962362546819,4.311086033159121e+16,-2438347021309634.0
1.064453125,7.200686012956832e+18,11571993916860.295,22.72897955892412,71.84150508236799,19.701335666489445,62.271762580098425,62.05011791807231,4.3538363482476104e+16,-2464822418716502.0
1.083984375,7.205382246233592e+18,11591199760806.34,22.729086870569954,71.8413969875618,19.68858793452972,62.231082240272734,62.01044651549841,4.3959780322575464e+16,-2490896317398249.5
1.103515625,7.210091871799454e+18,11610576154561.99,22.72919452445499,71.84128857660767,19.675820558464533,62.19033910563682,61.97061554141858,4.43753978270635e+16,-2516583013895771.0
1.123046875,7.214814957122573e+18,11630121042566.98,22.729302521678175,71.84117984509518,19.663033464935484,62.149532941050886,61.93063078232166,4.478546255290461e+16,-2541896434313718.5
1.142578125,7.219551570240568e+18,11649832478351.566,22.729410863598144,71.84107078937136,19.650226580148615,62.108663509974605,61.89049770389371,4.519019250275061e+16,-2566850139461390.0
1.162109375,7.224301779746442e+18,11669708620334.55,22.72951955177363,71.8409614063516,19.637399829870848,62.06773057445581,61.85022146663941,4.558978649141398e+16,-2591457330570141.5
1.181640625,7.229065654776177e+18,11689747727809.07,22.7296285879091,71.8408516933471,19.62455313942641,62.02673389511881,61.80980694077801,4.5984431051417464e+16,-2615730855499862.0
1.201171875,7.233843264999148e+18,11709948157107.555,22.72973797380941,71.84074164792096,19.61168643369322,61.98567323115283,61.76925872044515,4.637430516473179e+16,-2639683215355803.5
1.220703125,7.238634680611886e+18,11730308357937.791,22.729847711344853,71.84063126777686,19.598799637099226,61.9445483403001,61.72858113723153,4.675958322796905e+16,-2663326571445219.5
1.240234375,7.243439972334947e+18,11750826869882.389,22.72995780242595,71.84052055067882,19.585892673618687,61.903358978843926,61.68777827308749,4.7140436683321384e+16,-2686672752510637.0
1.259765625,7.248259211412528e+18,11771502319054.34,22.730068248986843,71.84040949439793,19.572965466768466,61.86210490159674,61.64685397262163,4.751703471197253e+16,-2709733262183212.0
1.279296875,7.253092469614327e+18,11792333414901.734,22.730179052975465,71.84029809668068,19.560017939604194,61.820785861887686,61.60581185482054,4.788954432656223e+16,-2732519286605690.0
1.298828125,7.257939819239007e+18,11813318947154.842,22.730290216348735,71.84018635523294,19.547050014716504,61.77940161155057,61.56465532421507,4.8258130123467224e+16,-2755041702180069.5
1.318359375,7.262801333118856e+18,11834457782909.47,22.730401741071212,71.84007426771511,19.534061614227134,61.73795190091118,61.52338758151835,4.862295388328242e+16,-2777311083400034.5
1.337890625,7.267677084625185e+18,11855748863840.348,22.730513629115933,71.83996183174393,19.521052659785024,61.69643647877481,61.4820116337587,4.898417414699486e+16,-2799337710732733.0
1.357421875,7.272567147674147e+18,11877191203539.01,22.730625882466384,71.83984904489806,19.50802307256241,61.65485509241355,61.440530303930494,4.934194584331828e+16,-2821131578518639.5
1.376953125,7.277471596732787e+18,11898783884970.502,22.73073850311895,71.839735904725,19.494972773250783,61.61320748755341,61.398946240184635,4.969642000463279e+16,-2842702402861880.0
1.396484375,7.282390506825139e+18,11920526058043.85,22.730851493085325,71.83962240874797,19.48190168205692,61.57149340836132,61.35726192457902,5.0047743583026296e+16,-2864059629486926.0
1.416015625,7.287323953538324e+18,11942416937291.354,22.730964854394728,71.83950855447212,19.468809718698783,61.529712597431995,61.315479681409556,5.039605936227661e+16,-2885212441540394.5
1.435546875,7.292272013028573e+18,11964455799651.8,22.73107858909565,71.83939433938929,19.455696802401402,61.48786479577471,61.27360168514011,5.074150595181006e+16,-2906169767319509.0
1.455078125,7.297234762027212e+18,11986641982353.324,22.731192699257303,71.83927976098178,19.44256285189275,61.44594974279989,61.23162996794994,5.108421784571184e+16,-2926940287911319.5
1.474609375,7.302212277846555e+18,12008974880891.39,22.731307186970547,71.83916481672443,19.429407785399526,61.40396717630549,61.18956642691597,5.142432552843672e+16,-2947532444728857.5
1.494140625,7.307204638385787e+18,12031453947098.074,22.73142205434855,71.83904950408599,19.41623152064288,61.36191683246338,61.14741283084646,5.176195560991331e+16,-2967954446932477.5
1.513671875,7.312211922136827e+18,12054078687298.416,22.731537303527226,71.83893382052953,19.403033974834198,61.31979844580541,61.10517082678211,5.209723097834319e+16,-2988214278726317.5
1.533203125,7.317234208190207e+18,12076848660550.436,22.731652936665462,71.8388177635124,19.38981506467068,61.27761174920947,61.062841946179724,5.24302709608132e+16,-3008319706521565.5
1.552734375,7.322271576240955e+18,12099763476965.096,22.731768955945128,71.83870133048546,19.37657470633101,61.23535647388533,61.02042761079307,5.276119148218261e+16,-3028278285959390.0
1.572265625,7.327324106594537e+18,12122822796102.8,22.73188536357112,71.83858451889219,19.363312815470913,61.19303234936033,60.977929138264685,5.309010521681741e+16,-3048097368787866.0
1.591796875,7.332391880172867e+18,12146026325443.385,22.732002161771273,71.83846732616772,19.35002930721866,61.15063910346494,60.9353477474422,5.341712173121816e+16,-3067784109588237.0
1.611328125,7.337474978520394e+18,12169373818926.262,22.732119352796396,71.83834974973789,19.336724096170556,61.10817646231804,60.89268456343157,5.374234761757718e+16,-3087345472346789.0
1.630859375,7.342573483810273e+18,12192865075558.064,22.732236938920252,71.83823178701844,19.32339709638636,61.06564415031233,60.84994062239956,5.406588661874328e+16,-3106788236869609.0
1.650390625,7.347687478850623e+18,12216499938084.73,22.73235492243963,71.83811343541421,19.31004822138465,61.02304189009921,60.807116876136966,5.438783974536631e+16,-3126119005038084.0
1.669921875,7.352817047090864e+18,12240278291725.588,22.73247330567437,71.83799469231835,19.296677384138142,60.980369402573714,60.76421419639368,5.4708305386367144e+16,-3145344206903780.5
1.689453125,7.35796227262815e+18,12264200062966.037,22.732592090967525,71.83787555511185,19.28328449706897,60.93762640685938,60.72123337899723,5.502737941437987e+16,-3164470106622476.0
1.708984375,7.363123240213886e+18,12288265218462.19,22.732711280685404,71.83775602116278,19.2698694720439,60.894812620292534,60.67817514763261,5.53451552867316e+16,-3183502808218379.0
1.728515625,7.36830003526031e+18,12312473764006.39,22.73283087721772,71.83763608782577,19.256432220369483,60.851927758406994,60.635040157416775,5.566172414099992e+16,-3202448261137682.0
1.748046875,7.373492743847163e+18,12336825743429.34,22.732950882977626,71.83751575244116,19.24297265278718,60.80897153491799,60.591828998562356,5.597717488479738e+16,-3221312265601989.0
1.767578125,7.378701452728451e+18,12361321237491.205,22.73307130040186,71.83739501233445,19.22949067946841,60.7659436617064,60.54854219999183,5.62915942801449e+16,-3240100477765949.5
1.787109375,7.383926249339288e+18,12385960362984.158,22.733192131950876,71.83727386481571,19.215986210009564,60.722843848802576,60.50518023240167,5.6605067022914456e+16,-3258818414892021.5
1.806640625,7.389167221802872e+18,12410743271866.254,22.73331338010902,71.83715230717915,19.202459153426922,60.67967180436987,60.46174351119422,5.691767581978407e+16,-3277471460398490.0
1.826171875,7.39442445893753e+18,12435670150408.195,22.733435047384834,71.83703033670305,19.18890941815158,60.6364272346884,60.41823239932997,5.722950146586397e+16,-3296064868600910.0
1.845703125,7.399698050263856e+18,12460741218383.145,22.733557136311166,71.836907950649,19.17533691202425,60.59310984413806,60.374647210031476,5.7540622920512936e+16,-3314603769306260.0
1.865234375,7.404988086011918e+18,12485956728297.1,22.733679649445403,71.83678514626168,19.161741542290052,60.549719335181905,60.330988209345946,5.7851117380459064e+16,-3333093172266723.0
1.884765625,7.410294657128526e+18,12511316964658.535,22.733802589369468,71.83666192076764,19.14812321559322,60.50625540834887,60.287255618573724,5.816106034680089e+16,-3351537971476373.5
1.904296875,7.415617855284621e+18,12536822243285.574,22.733925958689994,71.83653827137498,19.134481837971766,60.462717762216656,60.243449616568235,5.8470525684644376e+16,-3369942949312201.0
1.923828125,7.420957772882794e+18,12562472910649.18,22.73404976003858,71.83641419527275,19.12081731485206,60.41910609339418,60.19957034191429,5.877958568051889e+16,-3388312780520916.5
1.943359375,7.426314503064931e+18,12588269343251.104,22.734173996072116,71.83628968963116,19.107129551043386,60.37542009650394,60.15561789499026,5.908831110188594e+16,-3406652036052958.0
1.962890625,7.431688139719982e+18,12614211947034.9,22.73429866947325,71.83616475160176,19.093418450732386,60.331659464164225,60.111592339919476,5.939677126368699e+16,-3424965186745094.5
1.982421875,7.437078777491831e+18,12640301156828.852,22.734423782950792,71.83603937831757,19.07968391747748,60.28782388697089,60.0674937064169,5.970503410343992e+16,-3443256606853329.5
2.001953125,7.442486511787174e+18,12666537435819.486,22.73454933923991,71.83591356689254,19.065925854203222,60.243913053479226,60.02332199153542,6.0013166258374216e+16,-3461530577437692.5
2.021484375,7.44791143878345e+18,12692921275054.309,22.734675341102104,71.8357873144204,19.052144163194562,60.19992665018547,59.979077161317086,6.032123313388206e+16,-3479791289600713.0
2.041015625,7.4533536554368e+18,12719453192972.736,22.734801791325015,71.83566061797268,19.038338746091064,60.155864361507994,59.934759152353955,6.0629298952900424e+16,-3498042847581622.5
2.060546875,7.458813259490162e+18,12746133734963.9,22.734928692722306,71.83553347459721,19.024509503881063,60.11172586976852,59.89036787326262,6.093742678355659e+16,-3516289271708369.0
2.080078125,7.46429034948153e+18,12772963472950.314,22.735056048133707,71.83540588131704,19.010656336895714,60.06751085517292,59.8459032060773,6.124567855092642e+16,-3534534501209962.0
2.099609375,7.469785024752462e+18,12799943004996.367,22.735183860425522,71.83527783513075,18.99677914480306,60.023218995791865,59.8013650075648,6.155411504756279e+16,-3552782396891872.5
2.119140625,7.475297385456863e+18,12827072954940.467,22.735312132491625,71.83514933301439,18.982877826601918,59.978849967541336,59.75675311046575,6.186279596650392e+16,-3571036743677636.5
2.138671875,7.480827532570009e+18,12854353972050.064,22.735440867254823,71.83502037192437,18.968952280615767,59.93440344416264,59.71206732466554,6.217177997866929e+16,-3589301253020335.0
2.158203125,7.486375567897606e+18,12881786730698.6,22.735570067668036,71.83489094880004,18.95500240448656,59.889879097202524,59.66730743829828,6.248112486017824e+16,-3607579565188018.0
2.177734375,7.491941594084787e+18,12909371930063.37,22.735699736714853,71.83476106056403,18.941028095168434,59.845276595992864,59.622473218787285,6.279088764918192e+16,-3625875251427783.0
2.197265625,7.497525714624816e+18,12937110293843.744,22.73582987740892,71.83463070411906,18.92702924892136,59.8005956076301,59.57756441382489,6.3101124787291176e+16,-3644191816014012.0
2.216796875,7.50312803386765e+18,12965002569998.883,22.735960492792564,71.83449987634205,18.913005761304767,59.75583579695457,59.532580752294486,6.341189219478004e+16,-3662532698186806.0
2.236328125,7.508748657028556e+18,12993049530504.367,22.736091585935068,71.83436857407752,18.898957527170968,59.710996826529424,59.48752194513743,6.372324525118758e+16,-3680901273987506.5
2.255859375,7.514387690197051e+18,13021251971127.215,22.73622315993179,71.83423679413319,18.88488444065866,59.666078356619416,59.44238768616687,6.403523869219485e+16,-3699300857998967.5
2.275390625,7.520045240346366e+18,13049610711218.867,22.736355217904322,71.83410453327922,18.87078639518623,59.62108004516944,59.39717765283093,6.434792646808756e+16,-3717734704998145.5
2.294921875,7.525721415343187e+18,13078126593525.09,22.73648776300116,71.8339717882488,18.856663283445034,59.57600154778268,59.351891506926705,6.466136160478171e+16,-3736206011448885.5
2.314453125,7.531416323957335e+18,13106800484015.5,22.736620798397844,71.83383855573709,18.84251499739259,59.53084251769863,59.30652889526644,6.497559606536683e+16,-3754717916969939.0
2.333984375,7.537130075871091e+18,13135633271730.576,22.736754327295564,71.83370483239554,18.8283414282457,59.485602605770936,59.26108945029731,6.529068055908663e+16,-3773273506001844.0
2.353515625,7.542862781688246e+18,13164625868642.672,22.736888352918616,71.83357061482202,18.814142466473434,59.4402814604446,59.21557279067466,6.5606664227018824e+16,-3791875809245768.0
2.373046875,7.548614552943059e+18,13193779209539.578,22.737022878511123,71.83343589954924,18.79991800179013,59.39487872773341,59.16997852178948,6.592359415264997e+16,-3810527804891243.0
2.392578125,7.554385502109359e+18,13223094251926.469,22.73715790733386,71.83330068303292,18.7856679231482,59.34939405119667,59.12430623624928,6.624151467842479e+16,-3829232419942856.0
2.412109375,7.560175742610199e+18,13252571975948.426,22.73729344266231,71.83316496164417,18.771392118730954,59.30382707191591,59.07855551431128,6.656046655884861e+16,-3847992531521146.5
2.431640625,7.565985388829518e+18,13282213384335.637,22.737429487790344,71.83302873167948,18.75709047594526,59.25817742847122,59.032725924265826,6.688048612765321e+16,-3866810968137342.0
2.451171875,7.571814556129574e+18,13312019502390.512,22.737566046050794,71.83289198942397,18.74276288141418,59.21244475691726,58.986817022750756,6.720160506997034e+16,-3885690510896997.0
2.470703125,7.577663360873431e+18,13341991374172.69,22.737703120850643,71.83275473126113,18.728409220969418,59.16662869075909,58.94082836015332,6.752385163885623e+16,-3904633898141682.5
2.490234375,7.583531920448905e+18,13372128746657.896,22.737840715709993,71.83261695379403,18.714029379643797,59.12072886092759,58.89476219196907,6.7847253826632056e+16,-3923644034161451.0
2.509765625,7.589420353293661e+18,13402084838191.307,22.737978834305004,71.83247865397583,18.699623241664458,59.074744895754684,58.850158147749056,6.817184469835086e+16,-3942620007789968.5
2.529296875,7.595328778922352e+18,13432556696791.838,22.738117480498225,71.8323398292573,18.68519069043126,59.02867642094823,58.80393378621118,6.8497668287547496e+16,-3961769363096230.5
2.548828125,7.601257317824274e+18,13463198798608.102,22.738256658040463,71.83220047650707,18.670731608543914,58.982523059565416,58.757629022094584,6.882478491888196e+16,-3980994308017738.0
2.568359375,7.607206091488498e+18,13494010977114.877,22.738396370572932,71.83206059214314,18.656245877761787,58.9362844319891,58.71124604632668,6.915325812732616e+16,-4000296919957650.0
2.587890625,7.613175222432831e+18,13524994854910.598,22.73853662167993,71.83192017229604,18.641733378996296,58.88996015590185,58.66478350978311,6.948312806168413e+16,-4019679534195146.5
2.607421875,7.619164834246006e+18,13556151146550.783,22.738677415015037,71.83177921308987,18.62719399233173,58.84354984625611,58.61824179487925,6.981447719798509e+16,-4039145396528254.0
2.626953125,7.62517505158885e+18,13587481054203.234,22.738818754233552,71.83163771054262,18.612627596988034,58.79705311525096,58.57162040879472,7.014736258581613e+16,-4058697474625075.0
2.646484375,7.631206000214013e+18,13618985802083.488,22.738960643026736,71.83149566063409,18.598034071322054,58.75046957230375,58.52491885537885,7.048183757822035e+16,-4078338727212516.0
2.666015625,7.637257806982357e+18,13650666635895.14,22.739103085133955,71.8313530593422,18.583413292819092,58.70379882402283,58.4781366359709,7.081795208227966e+16,-4098072092542370.0
2.685546875,7.643330599878141e+18,13682524823009.014,22.739246084350533,71.831209902666,18.568765138084306,58.657040474179745,58.431273249322246,7.1155753325277336e+16,-4117900489165545.5
2.705078125,7.649424508021004e+18,13714561652609.82,22.739389644525602,71.83106618661672,18.554089482834062,58.61019412368114,58.38432819158821,7.149528676085223e+16,-4137826816741786.5
2.724609375,7.655539661676699e+18,13746778435817.113,22.739533769555702,71.83092190719559,18.539386201887158,58.56325937054032,58.33730095637365,7.1836596727738904e+16,-4157853956947891.5
2.744140625,7.661676192268783e+18,13779176505789.531,22.739678463380677,71.83077706037876,18.524655169155885,58.5162358098484,58.290191034817326,7.217972680476837e+16,-4177984774507274.5
2.763671875,7.667834232391705e+18,13811757217818.994,22.739823729983208,71.83063164211393,18.509896257637042,58.469123033745234,58.242997915702055,7.252472001834278e+16,-4198222118350394.0
2.783203125,7.674013915824634e+18,13844521949420.67,22.739969573389985,71.83048564832167,18.495109339402802,58.4219206313897,58.19572108558114,7.287161904421472e+16,-4218568822906343.5
2.802734375,7.680215377545386e+18,13877472100423.39,22.740115997672547,71.83033907489623,18.480294285591448,58.37462818892992,58.148360028912926,7.322046644040686e+16,-4239027709519081.0
2.822265625,7.686438753744227e+18,13910609093063.996,22.74026300694723,71.83019191770312,18.465450966398024,58.32724528947286,58.100914228197155,7.35713048767985e+16,-4259601587977375.5
2.841796875,7.692684181837542e+18,13943934372088.62,22.74041060537415,71.83004417257351,18.45057925106485,58.2797715130537,58.05338316410894,7.392417730832245e+16,-4280293258144998.5
2.861328125,7.698951800481595e+18,13977449404863.076,22.740558797155764,71.82989583529775,18.435679007871915,58.23220643660469,58.00576631562606,7.427912705350402e+16,-4301105511676206.5
2.880859375,7.705241749586645e+18,14011155681494.18,22.740707586535997,71.82974690162007,18.420750104127162,58.18454963392364,57.958063160147645,7.463619777945694e+16,-4322041133801286.5
2.900390625,7.711554170331547e+18,14045054714963.215,22.740856977800114,71.829597367236,18.405792406156618,58.13680067564208,57.910273173601986,7.499543342732368e+16,-4343102905167073.0
2.919921875,7.717889205178873e+18,14079148041272.387,22.741006975275518,71.82944722779261,18.39080577929442,58.08895912919294,57.86239583054259,7.535687812478616e+16,-4364293603718303.5
2.939453125,7.724246997890421e+18,14113437219605.107,22.741157583333038,71.82929647889004,18.375790087872716,58.04102455877778,57.8144306042316,7.572057612412859e+16,-4385616006606836.5
2.958984375,7.730627693542999e+18,14147923832500.408,22.741308806388425,71.82914511608386,18.3607451952114,57.9929965253336,57.76637696671043,7.608657178446443e+16,-4407072892116923.0
2.978515625,7.73703143854435e+18,14182609486041.678,22.74146064890351,71.82899313488637,18.34567096360778,57.94487458649938,57.718234388857745,7.645490959569032e+16,-4428667041596268.5
2.998046875,7.743458380649189e+18,14217495810059.84,22.741613115387068,71.82884053076668,18.330567254326006,57.89665829658184,57.67000234043492,7.682563422731429e+16,-4450401241384144.0
3.017578125,7.749908668975342e+18,14252584458351.068,22.741766210395337,71.8286872991499,18.31543392758649,57.848347206521204,57.62168029011945,7.719879058150045e+16,-4472278284729181.5
3.037109375,7.75638245402008e+18,14287877108908.771,22.741919938532302,71.82853343541545,18.300270842555086,57.799940863856,57.57326770552711,7.757442383535294e+16,-4494300973690774.0
3.056640625,7.762879887676672e+18,14323375464169.715,22.742074304450032,71.82837893489545,18.28507785733215,57.75143881268791,57.52476405322334,7.79525794658823e+16,-4516472121019571.0
3.076171875,7.769401123251229e+18,14359081251274.305,22.742229312849066,71.82822379287332,18.269854828941508,57.702840593645696,57.47616879872468,7.833330325937896e+16,-4538794552013479.0
3.095703125,7.775946315479862e+18,14394996222340.473,22.742384968479055,71.82806800458309,18.25460161331919,57.65414574384903,57.42748140649092,7.871664131378741e+16,-4561271106346746.0
3.115234375,7.782515620546151e+18,14431122154751.188,22.742541276139512,71.82791156520899,18.2393180653021,57.60535379687154,57.378701339909014,7.910264004258392e+16,-4583904639870905.0
3.134765625,7.789109196098914e+18,14467460851599.31,22.7426982406807,71.8277544698855,18.224004038616485,57.556464282703516,57.32982806100178,7.949134618822762e+16,-4606698026366651.0
3.154296875,7.79572720127019e+18,14504014142061.06,22.742855867004412,71.82759671369698,18.208659385866248,57.50747672771416,57.28086103029041,7.988280684482987e+16,-4629654159147089.0
3.173828125,7.802369796693497e+18,14540783881347.643,22.743014160064725,71.82743829167698,18.193283958521135,57.458390654613176,57.231799707456155,8.027706948486386e+16,-4652775952635997.0
3.193359375,7.809037144522301e+18,14577771951017.857,22.74317312486857,71.82727919880743,18.177877606904747,57.40920558241196,57.18264355134478,8.067418198476858e+16,-4676066344206812.0
3.212890625,7.815729408448784e+18,14614980259536.08,22.743332766476396,71.82711943001743,18.162440180182376,57.35992102638419,57.13339201953649,8.107419264560178e+16,-4699528295993418.0
3.232421875,7.822446753722911e+18,14652410742637.182,22.743493090002886,71.82695898018264,18.146971526348725,57.31053649802603,57.08404456829419,8.147715021065138e+16,-4723164796554890.0
3.251953125,7.829189347171804e+18,14690065363702.602,22.743654100617658,71.82679784412434,18.131471492215372,57.26105150501549,57.03460065250796,8.188310388283243e+16,-4746978862407985.0
3.271484375,7.835957357219449e+18,14727946114150.902,22.743815803546173,71.82663601660926,18.115939923398187,57.21146555117165,56.98505972563618,8.229210334560722e+16,-4770973539583147.0
3.291015625,7.842750953906654e+18,14766055013838.9,22.743978204070448,71.82647349234848,18.100376664304456,57.16177813641296,56.935421239643816,8.27041987866885e+16,-4795151905236374.0
3.310546875,7.849570308911355e+18,14804394111475.393,22.7441413075299,71.82631026599694,18.08478155811992,57.1119887567151,56.88568464493847,8.311944092216147e+16,-4819517069203484.0
3.330078125,7.856415595569166e+18,14842965485046.984,22.744305119322004,71.82614633215222,18.069154446795572,57.06209690406835,56.83584939030436,8.35378810193746e+16,-4844072175544977.0
3.349609375,7.863286988894297e+18,14881771242256.203,22.744469644903123,71.8259816853538,18.053495171034324,57.01210206643426,56.78591492283458,8.395957091702974e+16,-4868820404084270.0
3.369140625,7.870184665600783e+18,14920813520971.654,22.74463488978929,71.82581632008201,18.03780357027746,56.96200372770171,56.735880687862064,8.438456304391744e+16,-4893764971942320.0
3.388671875,7.877108804124062e+18,14960094489690.688,22.744800859557028,71.82565023075732,18.022079482690906,56.91180136764248,56.68574612888937,8.481291043710891e+16,-4918909135071754.0
3.408203125,7.884059584642907e+18,14999616348014.338,22.74496755984429,71.82548341173961,18.00632274515132,56.86149446186604,56.635510687517524,8.524466676283771e+16,-4944256189793391.0
3.427734375,7.891037189101682e+18,15039381327134.914,22.745134996351286,71.82531585732731,17.99053319323196,56.81108248177386,56.585173803374204,8.567988633885629e+16,-4969809474338211.0
3.447265625,7.898041801232951e+18,15079391690336.232,22.745303174841386,71.82514756175651,17.974710661188418,56.76056489451297,56.534734914041366,8.611862415706986e+16,-4995572370397694.0
3.466796875,7.905073606580477e+18,15119649733506.793,22.745472101142074,71.82497851920029,17.958854981944068,56.709941162928914,56.48419345498223,8.656093590893702e+16,-5021548304685430.0
3.486328125,7.912132792522525e+18,15160157785666.152,22.745641781145824,71.82480872376765,17.942965987075397,56.65921074551809,56.43354885946823,8.700687801191189e+16,-5047740750512777.0
3.505859375,7.919219548295577e+18,15200918209504.496,22.745812220811,71.82463816950262,17.927043506797038,56.60837309637927,56.38280055850529,8.74565076348594e+16,-5074153229381266.0
3.525390625,7.926334065018402e+18,15241933401935.934,22.745983426162827,71.82446685038323,17.9110873699467,56.55742766516462,56.33194798076025,8.790988272322059e+16,-5100789312594606.0
3.544921875,7.933476535716531e+18,15283205794665.701,22.74615540329429,71.82429476032057,17.89509740396977,56.50637389702984,56.28099055248682,8.836706202454386e+16,-5127652622892735.0
3.564453125,7.940647155347097e+18,15324737854771.414,22.746328158367124,71.82412189315767,17.879073434903813,56.4552112325838,56.22992769745151,8.882810511308973e+16,-5154746836110535.0
3.583984375,7.947846120824112e+18,15366532085299.059,22.746501697612814,71.82394824266862,17.863015287362714,56.40393910783721,56.178758836859224,8.929307241457144e+16,-5182075682863748.0
3.603515625,7.955073631044139e+18,15408591025873.602,22.746676027333624,71.82377380255761,17.846922784520757,56.3525569541508,56.12748338927879,8.976202523239715e+16,-5209642950264384.0
3.623046875,7.962329886912377e+18,15450917253325.055,22.746851153903584,71.82359856645773,17.830795748096325,56.301064198182495,56.07610077056815,9.023502577418362e+16,-5237452483668126.0
3.642578125,7.969615091369169e+18,15493513382329.986,22.747027083769577,71.82342252793015,17.81463399833546,56.249460261834166,56.02461039379922,9.071213717878042e+16,-5265508188455872.0
3.662109375,7.976929449416957e+18,15536382066069.066,22.747203823452402,71.8232456804629,17.79843735399515,56.19774456219722,55.97301166918256,9.119342354417248e+16,-5293814031851821.0
3.681640625,7.984273168147672e+18,15579525996901.19,22.747381379547882,71.82306801747002,17.782205632326377,56.14591651149774,55.92130400399136,9.167894995708938e+16,-5322374044780211.0
3.701171875,7.991646456770549e+18,15622947907054.307,22.74755975872792,71.8228895322901,17.765938649056935,56.09397551704053,55.86948680248521,9.216878252235176e+16,-5351192323762780.0
3.720703125,7.999049526640447e+18,15666650569333.73,22.74773896774169,71.82271021818563,17.749636218373972,56.04192098115271,55.81755946583306,9.266298839315446e+16,-5380273032859155.0
3.740234375,8.006482591286596e+18,15710636797848.258,22.747919013416734,71.82253006834144,17.733298152906304,55.989752301125975,55.76552139203551,9.316163580253811e+16,-5409620405652123.0
3.759765625,8.013945866441833e+18,15754909448754.564,22.748099902660158,71.82234907586378,17.716924263706453,55.937468869158586,55.71337197584643,9.36647940949705e+16,-5439238747279797.0
3.779296875,8.021439570072335e+18,15799471421020.611,22.748281642459794,71.82216723377911,17.70051436023243,55.88507007229604,55.661110608693484,9.417253375883053e+16,-5469132436516619.0
3.798828125,8.028963922407826e+18,15844325657208.324,22.748464239885436,71.82198453503277,17.684068250329233,55.832555292371076,55.6087366785978,9.468492645934867e+16,-5499305927905007.0
3.818359375,8.036519145972314e+18,15889475144276.43,22.74864770209004,71.82180097248788,17.667585740210107,55.77992390594277,55.556249570092305,9.520204507223614e+16,-5529763753939554.0
3.837890625,8.044105465615328e+18,15934922914403.668,22.748832036311004,71.82161653892403,17.651066634437477,55.727175284234654,55.50364866413888,9.572396371803488e+16,-5560510527305420.0
3.857421875,8.051723108543673e+18,15980672045833.373,22.749017249871436,71.82143122703602,17.63451073590366,55.67430879307207,55.450933338044074,9.625075779721128e+16,-5591550943172762.0
3.876953125,8.059372304353746e+18,16026725663739.78,22.74920335018142,71.82124502943249,17.61791784581122,55.621323792818366,55.398102965373155,9.678250402504758e+16,-5622889781548634.0
3.896484375,8.06705328506439e+18,16073086941116.87,22.749390344739417,71.82105793863477,17.60128776365307,55.56821963831028,55.34515691586262,9.73192804686065e+16,-5654531909687994.0
3.916015625,8.074766285150292e+18,16119759099690.223,22.749578241133552,71.8208699470754,17.584620287192294,55.51499567879233,55.29209455533069,9.786116658447434e+16,-5686482284565150.0
3.935546875,8.082511541575983e+18,16166745410852.893,22.749767047043044,71.8206810470969,17.56791521244161,55.46165125785018,55.23891524558594,9.840824325769626e+16,-5718745955407153.0
3.955078125,8.090289293830387e+18,16214049196625.703,22.749956770239596,71.82049123095034,17.551172333642562,55.408185713343,55.18561834433362,9.896059284236862e+16,-5751328066290079.0
3.974609375,8.098099783961975e+18,16261673830644.582,22.75014741858881,71.82030049079395,17.5343914432444,55.35459837733487,55.1322032050782,9.951829920276547e+16,-5784233858797767.0
3.994140625,8.105943256614538e+18,16309622739350.889,22.75033900005168,71.82010881869164,17.5175723318826,55.30088857602489,55.0786691767484,1.0008144775630922e+17,-5817468674720789.0
4.013671875,8.11381995906356e+18,16357899402909.549,22.750531522686067,71.81991620661168,17.50071478835711,55.24705562967668,55.025015603788006,1.0065012551823611e+17,-5851037958687012.0
4.033203125,8.121730141253229e+18,16406507356017.67,22.75072499464823,71.8197226464251,17.483818599610228,55.193098852546264,54.97124182644891,1.0122442114768523e+17,-5884947260993504.0
4.052734375,8.129674055834071e+18,16455450189099.2,22.75091942419429,71.81952812990414,17.466883550704136,55.139017552809236,54.91734718052251,1.018044249934076e+17,-5919202240714178.0
4.072265625,8.137651958201257e+18,16504731549493.047,22.751114819681824,71.8193326487205,17.4499094247981,55.08481103248656,54.86333099712915,1.0239022913887046e+17,-5953808668785985.0
4.091796875,8.145664106533581e+18,16554355142602.197,22.751311189571453,71.81913619444396,17.432896003125357,55.03047858736943,54.80919260261172,1.029819274482828e+17,-5988772431110199.0
4.111328125,8.153710761833106e+18,16604324733072.865,22.751508542428418,71.81893875854041,17.415843064969533,54.97601950694271,54.754931318427445,1.0357961561208878e+17,-6024099531728429.0
4.130859375,8.161792187965549e+18,16654644146004.836,22.75170688692433,71.8187403323706,17.39875038764085,54.92143307430745,54.700546461036524,1.0418339119458757e+17,-6059796096075064.0
4.150390625,8.169908651701356e+18,16705317268194.246,22.751906231838817,71.81854090718826,17.3816177464518,54.86671856610188,54.646037341788364,1.0479335368413856e+17,-6095868374308855.0
4.169921875,8.178060422757527e+18,16756348049409.582,22.752106586061373,71.81834047413878,17.364444914692577,54.8118752524215,54.591403266804726,1.0540960454718602e+17,-6132322744758808.0
4.189453125,8.186247773840186e+18,16807740503700.287,22.752307958593125,71.81813902425745,17.347231663606024,54.75690239673762,54.536643536859685,1.060322472877595e+17,-6169165717335368.0
4.208984375,8.19447098068791e+18,16859498710743.09,22.752510358548687,71.81793654846798,17.329977762362237,54.701799255814734,54.48175744725706,1.0666138751104475e+17,-6206403937034928.0
4.228515625,8.202730322115779e+18,16911626817222.477,22.752713795157945,71.81773303758041,17.312682978032747,54.64656507962664,54.42674428770462,1.0729713298890957e+17,-6244044187635099.0
4.248046875,8.211026080060233e+18,16964129038248.215,22.75291827776783,71.81752848228898,17.295347075564315,54.59119911127108,54.37160334218528,1.0793959372140507e+17,-6282093395416104.0
4.267578125,8.219358539624721e+18,17017009658810.986,22.75312381584411,71.81732287316999,17.277969817752272,54.53570058688311,54.316333888825454,1.085888819935334e+17,-6320558632950772.0
4.287109375,8.227727989126214e+18,17070273035276.732,22.753330418973352,71.81711620067983,17.260550965213465,54.48006873554708,54.26093519976032,1.092451124304946e+17,-6359447122969656.0
4.306640625,8.236134720142583e+18,17123923596920.84,22.75353809686497,71.8169084551533,17.243090276358767,54.424302779207125,54.20540654099646,1.0990840205602682e+17,-6398766242300681.0
4.326171875,8.244579027560867e+18,17177965847503.166,22.753746859353342,71.81669962680189,17.225587507365123,54.36840193257634,54.14974717227147,1.1057887035936494e+17,-6438523525882086.0
4.345703125,8.253061209626409e+18,17232404366884.93,22.753956716399962,71.81648970571197,17.20804241214716,54.31236540304419,54.09395634691121,1.1125663937077605e+17,-6478726670847265.0
4.365234375,8.261581567992825e+18,17287243812688.234,22.75416767809548,71.81627868184268,17.19045474232835,54.25619239058297,54.038033311684416,1.1194183373852632e+17,-6519383540680045.0
4.384765625,8.27014040777288e+18,17342488921999.594,22.754379754661667,71.816066545023,17.17282424721166,54.199882087651986,53.98197730665508,1.126345808002799e+17,-6560502169438980.0
4.404296875,8.278738037590297e+18,17398144513118.09,22.75459295645348,71.81585328494943,17.15515067374981,54.143433679100895,53.925787565032756,1.1333501064542469e+17,-6602090766049010.0
4.423828125,8.287374769632589e+18,17454215487349.504,22.754807293961278,71.8156388911835,17.137433766514913,54.08684634207088,53.86946331302117,1.1404325617377474e+17,-6644157718659134.0
4.443359375,8.296050919704966e+18,17510706830847.125,22.755022777813377,71.81542335315059,17.11967326766775,54.0301192458946,53.813003769665194,1.1475945316560853e+17,-6686711599064734.0
4.462890625,8.304766807285272e+18,17567623616500.475,22.755239418778707,71.81520666013856,17.101868916926456,53.973251551994245,53.75640814669661,1.1548374037528478e+17,-6729761167193725.0
4.482421875,8.313522755579972e+18,17624971005872.754,22.75545722776956,71.8149888012966,17.084020451534716,53.91624241377796,53.699675648379184,1.162162596524774e+17,-6773315375656019.0
4.501953125,8.322319091581013e+18,17682754251188.19,22.755676215843952,71.81476976563258,17.06612760622943,53.8590909765346,53.64280547135299,1.1695715607715582e+17,-6817383374356577.0
4.521484375,8.331156146123662e+18,17740978697370.316,22.75589639420767,71.8145495420095,17.048190113207838,53.801796377326646,53.5857968044789,1.1770657808133165e+17,-6861974515173064.0
4.541015625,8.340034253945316e+18,17799649784132.03,22.756117774216168,71.81432811914067,17.030207702094092,53.74435774488133,53.528648828683004,1.1846467753461235e+17,-6907098356700335.0
4.560546875,8.348953753745438e+18,17858773048118.734,22.7563403673764,71.81410548558506,17.012180099905276,53.68677419947995,53.47136071680188,1.1923160978203536e+17,-6952764669065453.0
4.580078125,8.357914988246762e+18,17918354125105.71,22.756564185349156,71.81388162974363,16.994107031016863,53.62904485284534,53.413931633428646,1.2000753364554771e+17,-6998983438818605.0
4.599609375,8.366918304257949e+18,17978398752250.746,22.756789239952052,71.81365653985776,16.975988217127554,53.571168808027345,53.35636073476016,1.2079261142652312e+17,-7045764873907295.0
4.619140625,8.375964052737706e+18,18038912770403.52,22.757015543163483,71.81343020401022,16.95782337722354,53.51314515928641,53.29864716844553,1.2158700896531122e+17,-7093119408743930.0
4.638671875,8.385052588860405e+18,18099902126473.207,22.7572431071272,71.81320261012799,16.9396122275422,53.45497299197513,53.2407900734359,1.2239089581163704e+17,-7141057709379575.0
4.658203125,8.394184272082839e+18,18161372875855.723,22.757471944156666,71.81297374598437,16.92135448153506,53.396651382417865,53.1827885798355,1.2320444552218387e+17,-7189590678800110.0
4.677734375,8.403359466211939e+18,18223331184922.92,22.75770206673862,71.81274359919784,16.90304984983028,53.3381793977881,53.12464180875305,1.2402783604383762e+17,-7238729462364859.0
4.697265625,8.412578539473144e+18,18285783333575.35,22.757933487534835,71.81251215722546,16.88469804019434,53.279556095983914,53.066348872153355,1.2486125008266832e+17,-7288485453411651.0
4.716796875,8.421841864579618e+18,18348735717861.9,22.758166219382648,71.81227940735172,16.866298757493173,53.22078052550103,53.00790887270747,1.2570487534169909e+17,-7338870299057257.0
4.736328125,8.431149818802726e+18,18412194852668.754,22.758400275295248,71.81204533667672,16.847851703652577,53.1618517253039,52.949320903639574,1.2655890456189314e+17,-7389895906226251.0
4.755859375,8.440502784044277e+18,18476167374482.004,22.758635668462983,71.81180993210688,16.82935657761794,53.10276872469431,52.89058404856857,1.2742353538689878e+17,-7441574447946815.0
4.775390625,8.449901146910692e+18,18540660044228.273,22.758872412256075,71.81157318035027,16.810813075313288,53.04353054317792,52.831697381340234,1.282989701353104e+17,-7493918369956099.0
4.794921875,8.459345298788951e+18,18605679750198.98,22.759110520228212,71.81133506791396,16.792220889599577,52.98413619032821,52.772659965846344,1.2918541555806296e+17,-7546940397662139.0
4.814453125,8.468835635924015e+18,18671233511065.434,22.75935000612008,71.81109558110131,16.773579710232273,52.92458466564819,52.713470855824255,1.3008308260841018e+17,-7600653543512249.0
4.833984375,8.478372559497479e+18,18737328478993.047,22.759590883862163,71.81085470600625,16.754889223818186,52.864874958429525,52.65412909462965,1.3099218618847675e+17,-7655071114819024.0
4.853515625,8.487956475706856e+18,18803971942865.2,22.75983316757504,71.8106124284996,16.736149113771532,52.80500604760926,52.59463371497337,1.319129447394951e+17,-7710206722093716.0
4.873046875,8.497587795844497e+18,18871171331630.293,22.76007687156445,71.81036873419852,16.717359060269207,52.744976901623986,52.534983738609,1.3284557936954144e+17,-7766074287931458.0
4.892578125,8.507266936376147e+18,18938934217853.633,22.76032201031114,71.81012360841895,16.698518740205298,52.68478647826124,52.47517817577288,1.3379031209370238e+17,-7822688056508820.0
4.912109375,8.51699431902239e+18,19007268321371.66,22.760568598463994,71.80987703613822,16.67962782714476,52.624433724508336,52.415216024700214,1.3474736308258096e+17,-7880062603658922.0
4.931640625,8.526770370849947e+18,19076181512964.492,22.760816650855045,71.80962900202631,16.660685991276285,52.563917576398566,52.355096271487675,1.357169478739221e+17,-7938212847463232.0
4.951171875,8.536595524379528e+18,19145681818444.023,22.761066182553805,71.80937949060072,16.641692899364266,52.503236958854295,52.29481788936805,1.3669927694128992e+17,-7997154059302888.0
4.970703125,8.546470217699543e+18,19215777413172.79,22.76131720893199,71.80912848641427,16.622648214699872,52.442390785527564,52.23437984579225,1.3769455963546005e+17,-8056901883674527.0
4.990234375,8.556394894569814e+18,19286473696306.527,22.76156974569662,71.80887597414163,16.603551597051393,52.38137795863747,52.17378481354561,1.387030118932023e+17,-8117472515496220.0
5.009765625,8.566370004535954e+18,19357092760788.598,22.76182380894859,71.80862193873858,16.584402702615414,52.32019736880478,52.11489700456031,1.3972486761097992e+17,-8178589471113425.0
5.029296875,8.576396003099652e+18,19429016151745.44,22.762079415374075,71.80836636604916,16.565201183959726,52.2588478948817,52.05398169061961,1.4076040296009784e+17,-8240851999260457.0
5.048828125,8.586473351557132e+18,19501569078501.953,22.76233658156079,71.80810924062267,16.545946689973434,52.19732840378305,51.99290481628647,1.4180992500119229e+17,-8303989032423758.0
5.068359375,8.596602517155588e+18,19574757645628.133,22.76259532415636,71.80785054618005,16.526638865816565,52.13563775031084,51.93166891488949,1.4287376462419374e+17,-8368016864364068.0
5.087890625,8.606783973221757e+18,19648591820070.246,22.762855659933045,71.8075902658269,16.507277352858925,52.0737747769757,51.870271990724945,1.4395226106742206e+17,-8432958682442970.0
5.107421875,8.617018199287102e+18,19723080167084.707,22.763117605863936,71.80732838221846,16.487861788637222,52.01173831381487,51.8087138312964,1.4504575286275414e+17,-8498829619017832.0
5.126953125,8.627305681212746e+18,19798232239030.16,22.763381179157516,71.8070648777041,16.46839180678585,51.94952717820791,51.746993320788015,1.4615457673194838e+17,-8565649877112761.0
5.146484375,8.637646911314285e+18,19874057785018.023,22.76364639730882,71.80679973444971,16.4488670369834,51.887140174688135,51.68510933824001,1.4727906720710192e+17,-8633440196964049.0
5.166015625,8.648042388478426e+18,19950566754074.168,22.763913278117005,71.806532934472,16.42928710489398,51.824576094750704,51.62306075885419,1.484195591669624e+17,-8702221805616617.0
5.185546875,8.658492618276515e+18,20027769300416.496,22.764181839688472,71.80626445962653,16.409651632107334,51.76183371665698,51.56084645362174,1.495763908490497e+17,-8772016433290705.0
5.205078125,8.668998113077008e+18,20105675788866.434,22.76445210043088,71.80599429156665,16.389960236077922,51.69891180523522,51.498465288977904,1.5074990637286483e+17,-8842846330532365.0
5.224609375,8.679559392160238e+18,20184296800409.89,22.76472407904667,71.80572241170059,16.370212530062737,51.6358091116774,51.43591612647115,1.519404573544465e+17,-8914734286315244.0
5.244140625,8.690176981837673e+18,20263643137914.527,22.764997794531943,71.80544880116442,16.350408123058003,51.57252437333216,51.37319782244789,1.531484037784893e+17,-8987703647064032.0
5.263671875,8.700851415575958e+18,20343725832019.9,22.765273266180838,71.80517344081244,16.33054661973457,51.509056313493645,51.310309227741726,1.5437411455465654e+17,-9061778336567558.0
5.283203125,8.711583234124604e+18,20424556147211.164,22.765550513592675,71.80489631121523,16.310627620372134,51.44540364118636,51.247249187363686,1.5561796808605542e+17,-9136982876746486.0
5.302734375,8.722372985646476e+18,20506145588086.66,22.76582955667909,71.80461739265722,16.290650720792133,51.3815650509457,51.18401654018992,1.5688035295244586e+17,-9213342409242826.0
5.322265625,8.733221225850453e+18,20588505905829.137,22.766110415669534,71.80433666512873,16.27061551228936,51.31753922259434,51.12061011864433,1.5816166863124253e+17,-9290882717802270.0
5.341796875,8.744128518126451e+18,20671649104890.152,22.7663931111154,71.80405410831261,16.250521581562243,51.253324821014004,51.05702874837409,1.5946232611606838e+17,-9369630251425278.0
5.361328125,8.755095433683255e+18,20755587449896.363,22.766677663893734,71.80376970156934,16.23036851064173,51.1889204959129,50.99327124791674,1.6078274834078e+17,-9449612148268744.0
5.380859375,8.766122551689731e+18,20840333472786.5,22.76696409521183,71.80348342392402,16.21015587681879,51.12432488158853,50.929336428357885,1.6212337040999686e+17,-9530856260286434.0
5.400390625,8.77721045941974e+18,20925899980188.074,22.76725242661337,71.8031952540576,16.18988325257049,51.05953659668558,50.865223092978596,1.6348463972107808e+17,-9613391178602650.0
5.419921875,8.788359752400783e+18,21012300061041.85,22.767542679985848,71.8029051703015,16.16955020548457,50.99455424394921,50.8009300368926,1.6486701608394755e+17,-9697246259619554.0
5.439453125,8.799571034566134e+18,21099547094483.46,22.76783487756851,71.80261315063316,16.14915629818252,50.92937640997321,50.73645604667253,1.6627097190250256e+17,-9782451651865180.0
5.458984375,8.810844918410476e+18,21187654757990.754,22.768129041960627,71.80231917267183,16.128701088241133,50.86400166494318,50.67179989996533,1.676969924393842e+17,-9869038323594152.0
5.478515625,8.822182025149282e+18,21276637035805.953,22.768425196130366,71.80202321367553,16.108184128112466,50.798428562374404,50.606960365096974,1.6914557619294992e+17,-9957038091158808.0
5.498046875,8.83358298488206e+18,21366508227642.223,22.768723363424485,71.80172525053968,16.087604965042175,50.732655638844406,50.54193620066613,1.706172354352679e+17,-1.0046483648173332e+16
5.517578125,8.845048436759114e+18,21457282957684.3,22.76902356757752,71.80142525979367,16.066963140986175,50.66668141372011,50.47672615512715,1.7211249691221104e+17,-1.0137408595497708e+16
5.537109375,8.856579029150914e+18,21548976183892.97,22.76932583271809,71.80112321758706,16.046258192525663,50.6005043888793,50.41132896636229,1.7363190254238957e+17,-1.022984747207259e+16
5.556640625,8.868175419820226e+18,21641603207624.41,22.76963018337221,71.80081909966584,16.025489650780308,50.53412304842639,50.34574336124289,1.7517600983509322e+17,-1.032383578664007e+16
5.576171875,8.879838276098968e+18,21735179683574.68,22.769936644468686,71.8005128813541,16.00465704131975,50.467535858402236,50.279968055180134,1.7674539195843216e+17,-1.0419410050388192e+16
5.595703125,8.891568275072324e+18,21829721630061.44,22.770245241352534,71.80020453756028,15.983759884073187,50.40074126648802,50.21400175166444,1.7834063788369226e+17,-1.0516607810560774e+16
5.615234375,8.903366103769642e+18,21925245439654.13,22.77055599980498,71.79989404280323,15.962797693237135,50.333737701702795,50.147843141793956,1.7996235324876592e+17,-1.061546768507633e+16
5.634765625,8.91523245935694e+18,22021767890165.54,22.770868946056396,71.79958137121497,15.9417699771812,50.266523574094734,50.08149090379166,1.8161116191909235e+17,-1.071602939820327e+16
5.654296875,8.927168049326465e+18,22119306156017.484,22.771184106780396,71.7992664964831,15.920676238351946,50.199097274425974,50.014943702510806,1.8328770706297286e+17,-1.081833381734022e+16
5.673828125,8.939173591688069e+18,22217877819994.08,22.77150150908107,71.79894939177021,15.899515973174761,50.13145717385057,49.94820018892847,1.849926505243318e+17,-1.0922422990953026e+16
5.693359375,8.951249815176265e+18,22317500885396.95,22.771821180508258,71.79863002972091,15.878288671953605,50.06360162358577,49.881258999626745,1.8672667139545373e+17,-1.1028340187721944e+16
5.712890625,8.963397459478921e+18,22418193788617.234,22.772143149115383,71.79830838260224,15.856993818768572,49.99552895457616,49.81411875626083,1.884904670092653e+17,-1.113612993695477e+16
5.732421875,8.975617275467218e+18,22519975412140.25,22.77246744350747,71.79798442241187,15.835630891371252,49.92723747715059,49.7467780650136,1.9028475792090397e+17,-1.1245838070323992e+16
5.751953125,8.987910025393891e+18,22622865097998.02,22.772794092795582,71.79765812069004,15.814199361077938,49.85872548067176,49.67923551603604,1.921102921432395e+17,-1.1357511764987584e+16
5.771484375,9.000276483066171e+18,22726882661687.156,22.773123126474744,71.79732944808781,15.792698692660744,49.78999123317816,49.61148968287331,1.9396784060488362e+17,-1.1471199588155346e+16
5.791015625,9.012717434070496e+18,22832048406569.363,22.77345457442001,71.79699837430678,15.771128344236368,49.721032981018276,49.54353912187519,1.9585818549212835e+17,-1.1586951543163666e+16
5.810546875,9.025233676124989e+18,22938383138774.234,22.77378846718879,71.79666486900987,15.749487767150882,49.651848948476626,49.475382371589546,1.977821175737779e+17,-1.170481911712493e+16
5.830078125,9.037826019349028e+18,23045908182623.64,22.7741248360986,71.79632890201891,15.727776405862922,49.58243733739168,49.40701795213822,1.997404468944043e+17,-1.1824855330220784e+16
5.849609375,9.050495286315102e+18,23154645396595.785,22.77446371274783,71.79599044173494,15.705993697828655,49.5127963267653,49.33844436457524,2.0173400776120803e+17,-1.1947114786708472e+16
5.869140625,9.063242312403843e+18,23264617189851.01,22.774805129278597,71.79564945592367,15.684139073378223,49.44292407236346,49.26966009022596,2.0376365962614406e+17,-1.207165372771104e+16
5.888671875,9.076067946198155e+18,23375846539343.105,22.77514911871901,71.79530591275275,15.662211955588882,49.37281870630833,49.200663590004915,2.0583029843694186e+17,-1.2198530085869448e+16
5.908203125,9.08897304959951e+18,23488357007537.035,22.775495714617488,71.79495977957275,15.64021176016041,49.302478336660926,49.13145330371229,2.0793486173383306e+17,-1.2327803541934384e+16
5.927734375,9.101958498069258e+18,23602172760756.652,22.775844950972868,71.79461102264032,15.618137895285184,49.231901046994594,49.06202764930858,2.100783185657877e+17,-1.2459535583375186e+16
5.947265625,9.115025180958261e+18,23717318588188.7,22.776196862368433,71.79425960748365,15.5959897615151,49.16108489595853,48.9923850221647,2.1226166095166906e+17,-1.2593789565089538e+16
5.966796875,9.128174001834582e+18,23833819921569.406,22.776551484082823,71.79390549919235,15.57376675162572,49.090027916831595,48.92252379428674,2.1448590577813024e+17,-1.273063077230014e+16
5.986328125,9.141405878776591e+18,23951702855580.945,22.77690885209596,71.79354866237418,15.55146825047751,49.018728117065926,48.852442313513635,2.16752101073092e+17,-1.2870126485727084e+16
6.005859375,9.154721744655855e+18,24070994168985.42,22.777269003050993,71.79318906097113,15.52909363487387,48.947183477819934,48.782138902687144,2.1906132934727734e+17,-1.301234604912754e+16
6.025390625,9.168122547438469e+18,24191721346526.633,22.7776319742433,71.79282665815933,15.506642273415935,48.87539195348076,48.71161185879202,2.2141470702514163e+17,-1.3157360939298056e+16
6.044921875,9.181609250510015e+18,24313912601630.54,22.777997803648326,71.79246141636982,15.484113526353916,48.80335147117545,48.64085945206515,2.23813383109016e+17,-1.330524483863845e+16
6.064453125,9.19518283301458e+18,24437596899937.42,22.77836652996399,71.79209329735279,15.461506745435056,48.73105993027081,48.56987992507175,2.2625853969482326e+17,-1.3456073710379992e+16
6.083984375,9.208844290198962e+18,24562803983699.363,22.77873819264455,71.7917222622135,15.43882127374804,48.658515201861505,48.49867149174706,2.2875139465530102e+17,-1.3609925876584394e+16
6.103515625,9.222594633757173e+18,24689564397078.773,22.779112831913636,71.79134827137972,15.416056445563822,48.58571512824625,48.42723233640172,2.3129320501441283e+17,-1.3766882099024304e+16
6.123046875,9.236434892174273e+18,24817909512384.438,22.77949048875335,71.79097128449199,15.393211586172686,48.51265752239147,48.35556061268917,2.3388526869004682e+17,-1.3927025663060038e+16
6.142578125,9.25036611107877e+18,24947871557284.344,22.77987120489185,71.79059126028645,15.370286011717532,48.43934016738222,48.28365444253325,2.3652892319118602e+17,-1.4090442464632012e+16
6.162109375,9.2643893536232e+18,25079483643035.598,22.780255022836887,71.7902081566204,15.347279029023166,48.36576081586007,48.21151191501379,2.3922554340676742e+17,-1.425722110049248e+16
6.181640625,9.278505700900577e+18,25212779793774.062,22.78064198597275,71.78982193069592,15.324189935421407,48.29191718944744,48.139131085208234,2.4197654408179645e+17,-1.4427452961805844e+16
6.201171875,9.292716252364024e+18,25347794976908.254,22.78103213863905,71.789432539224,15.301018018571904,48.21780697815795,48.06650997298694,2.4478338944558685e+17,-1.4601232331252004e+16
6.220703125,9.30702212619337e+18,25484565134664.297,22.7814255260537,71.78903993809415,15.277762556278896,48.143427839792636,47.993646561759334,2.476476010370561e+17,-1.4778656483772258e+16
6.240234375,9.321424459610708e+18,25623127217140.46,22.78182219408739,71.78864408156711,15.254422816304888,48.06877739932138,47.92053879658694,2.505707516470777e+17,-1.4959825791282108e+16
6.259765625,9.335924409392906e+18,25763519217205.13,22.78222218949048,71.78824492289954,15.230998056177794,47.99385324824902,47.84718458115627,2.5355445790957757e+17,-1.5144843831680874e+16
6.279296875,9.350523152504154e+18,25905780205427.547,22.78262556037651,71.78784241579271,15.207487522989538,47.918652943966194,47.77358177712246,2.5660038975460272e+17,-1.5333817501233664e+16
6.298828125,9.365221886246906e+18,26049950365114.727,22.78303235551687,71.78743651204016,15.183890453200814,47.84317400908375,47.69972820566558,2.597102734352685e+17,-1.552685713045243e+16
6.318359375,9.380021828827425e+18,26196071030324.734,22.783442624604906,71.7870271622721,15.160206072431299,47.767413930750614,47.62562164599966,2.6288588298578205e+17,-1.5724076605287766e+16
6.337890625,9.394924219894446e+18,26344184726274.613,22.783856418425792,71.78661431638614,15.136433595247603,47.691370159954715,47.551259832150876,2.6612904303913734e+17,-1.5925593493484982e+16
6.357421875,9.409930321007413e+18,26494335210422.29,22.78427378882284,71.78619792333187,15.112572224946257,47.6150401108063,47.47664045130172,2.6944163632918125e+17,-1.6131529175229568e+16
6.376953125,9.425041416112978e+18,26646567515148.184,22.784694788651205,71.78577793085232,15.088621153331244,47.53842115980303,47.401761142072004,2.7282560411402966e+17,-1.6342008978770892e+16
6.396484375,9.440258812100127e+18,26800927992110.617,22.785119471887313,71.78535428571405,15.064579560485564,47.46151064507648,47.32661949273016,2.7628294707919296e+17,-1.6557162321228638e+16
6.416015625,9.45558383939124e+18,26957464358348.21,22.785547893788397,71.78492693409254,15.040446614536773,47.384305865619176,47.2512130393314,2.7981573805467418e+17,-1.6777122854791476e+16
6.435546875,9.471017852450626e+18,27116225744204.543,22.785980110816134,71.78449582120925,15.016221471416847,47.306804080491965,47.175539263780664,2.8342613652231152e+17,-1.7002028618525016e+16
6.455078125,9.486562230186381e+18,27277262743152.81,22.786416180269054,71.78406089004211,14.991903274616966,47.22900250801083,47.099595591818016,2.871163772655645e+17,-1.723202219601263e+16
6.474609375,9.50221837649359e+18,27440627463604.117,22.78685616022433,71.7836220809891,14.967491154939594,47.15089832491236,47.02337939092337,2.908887478465491e+17,-1.746725087906071e+16
6.494140625,9.517987721546543e+18,27606373582794.754,22.7873001112025,71.78317933705348,14.94298423022353,47.07248866549783,46.94688796813383,2.9474561236666726e+17,-1.7707866837717778e+16
6.513671875,9.533871721685375e+18,27774556402834.62,22.787748094464106,71.78273259825826,14.918381605094705,46.99377062075431,46.87011856777484,2.9868943285304525e+17,-1.795402729686873e+16
6.533203125,9.549871860161276e+18,27945232909010.9,22.788200172294925,71.7822818024295,14.893682370687339,46.914741237452766,46.79306836910269,3.027227451957252e+17,-1.82058947196482e+16
6.552734375,9.565989647945845e+18,28118461830454.082,22.788656408405558,71.78182688630818,14.868885604363443,46.83539751722196,46.715734483852046,3.068481497182692e+17,-1.8463636997961228e+16
6.572265625,9.58222662444603e+18,28294303703270.793,22.78911686805781,71.78136778579376,14.84399036942552,46.755736415597795,46.63811395368561,3.110683276514973e+17,-1.8727427650397664e+16
6.591796875,9.598584358152737e+18,28472820936251.336,22.78958161798541,71.78090443553411,14.818995714821712,46.67575484104709,46.56020374754364,3.15386056442264e+17,-1.8997446027835668e+16
6.611328125,9.615064447316787e+18,28654077879267.383,22.790050726331316,71.7804367685629,14.793900674842922,46.5954496539648,46.48200075888994,3.198042126578311e+17,-1.92738775270431e+16
6.630859375,9.631668520691601e+18,28838140894481.21,22.790524262692916,71.7799647162722,14.768704268811565,46.514817665644166,46.40350180285095,3.2432576921954336e+17,-1.95569138125984e+16
6.650390625,9.648398238319436e+18,29025078430494.29,22.791002298217297,71.77948820853724,14.743405500761813,46.43385563721837,46.324703613243905,3.2895379594996006e+17,-1.984675304746646e+16
6.669921875,9.665255292330007e+18,29214961099568.43,22.79148490567098,71.7790071737541,14.71800335911126,46.35256027857331,46.24560283949084,3.33691464841768e+17,-2.014360013257761e+16
6.689453125,9.682241407747146e+18,29407861758059.035,22.791972159471978,71.77852153875214,14.692496816323594,46.2709282472301,46.166196043414764,3.385420562533847e+17,-2.044766695577122e+16
6.708984375,9.699358343317811e+18,29603855590206.715,22.792464135716177,71.77803122868238,14.666884828561974,46.1889561471966,46.08647969591493,3.4350896326805523e+17,-2.075917265047962e+16
6.728515625,9.716607892374503e+18,29803020195441.293,22.792960912221787,71.77753616695571,14.641166335332715,46.106640527786595,46.00645017351727,3.485956947085245e+17,-2.10783438645433e+16
6.748046875,9.73399188373055e+18,30005435679359.734,22.79346256858822,71.77703627521987,14.615340259119042,46.02397788240582,45.92610375479656,3.538058785340202e+17,-2.140541503956409e+16
6.767578125,9.751512182603368e+18,30211184748547.473,22.793969186255506,71.77653147333028,14.589405505004574,45.94096464730347,45.84543661666665,3.591432663351698e+17,-2.1740628701218628e+16
6.787109375,9.769170691564165e+18,30420352809420.53,22.794480848558027,71.77602167929558,14.563360960286131,45.857597200288055,45.76444483053548,3.646117384285717e+17,-2.2084235760972028e+16
6.806640625,9.786969351516805e+18,30633028071241.7,22.794997640776717,71.77550680920999,14.537205494075597,45.77387185940655,45.683124358344514,3.7021530888914976e+17,-2.2436495829641256e+16
6.826171875,9.804910142709377e+18,30849301651508.484,22.795519650194997,71.7749867771892,14.510937956890352,45.68978488158521,45.60147105149864,3.759581304088633e+17,-2.279767754179253e+16
6.845703125,9.822995085780216e+18,31069267688764.48,22.796046966159892,71.77446149531397,14.484557180231924,45.60533246123097,45.51948064541189,3.818444992793201e+17,-2.316805889495501e+16
6.865234375,9.841226242838653e+18,31293023462905.887,22.796579680145996,71.77393087357329,14.458061976152441,45.520510728792,45.437148750100384,3.8787886073623334e+17,-2.3547927604142004e+16
6.884765625,9.859605718581051e+18,31520669516550.316,22.79711788582038,71.77339481980133,14.431451136808457,45.43531574927575,45.354470846624636,3.94065814638429e+17,-2.3937581467247076e+16
6.904296875,9.878135661443547e+18,31752309780962.438,22.797661679108774,71.7728532396081,14.404723434001706,45.34974352072326,45.27144228432054,4.004101213363225e+17,-2.4337328744251644e+16
6.923828125,9.896818264793625e+18,31988051708830.637,22.798211158264408,71.77230603630846,14.377877618706297,45.263789972637845,45.18805827591398,4.069167076763043e+17,-2.474748855241948e+16
6.943359375,9.915655768162347e+18,32228006412878.695,22.79876642394039,71.77175311085138,14.35091242058187,45.17745096436695,45.104313892453554,4.135906732201893e+17,-2.5168391277121184e+16
6.962890625,9.934650458518886e+18,32472288810567.203,22.79932757926564,71.77119436174887,14.323826547472231,45.09072228343473,45.02020405807433,4.204372968024005e+17,-2.5600378998888708e+16
6.982421875,9.953804671588563e+18,32721017775177.414,22.79989472992345,71.7706296850018,14.296618684888887,45.0035996438244,44.93572354458854,4.274620434815363e+17,-2.604380593735931e+16
7.001953125,9.97312079321593e+18,32974316293585.72,22.800467984232206,71.77005897401966,14.269287495478974,44.91607868420781,44.85086696589972,4.34670571833304e+17,-2.64990389128009e+16
7.021484375,9.992601260774664e+18,33232311631053.44,22.80104745322807,71.76948211953422,14.241831618476972,44.82815496612061,44.76562877223619,4.4206874147141824e+17,-2.6966457825945536e+16
7.041015625,1.001224856462642e+19,33495135503373.664,22.801633250750367,71.76889900950778,14.214249669139614,44.739823972080885,44.680003244200016,4.496626206965571e+17,-2.7446456156896572e+16
7.060546875,1.0032065249631007e+19,33762924256735.188,22.802225493530454,71.76830952903839,14.186540238163387,44.65108110364916,44.59398448662723,4.574584942440198e+17,-2.793944148391758e+16
7.080078125,1.00520539167104e+19,34035819055669.266,22.802824301285003,71.76771356026438,14.158701891083892,44.561921679427456,44.50756642226387,4.654628712012985e+17,-2.844583602295555e+16
7.099609375,1.0072217224469092e+19,34313966079430.766,22.803429796814445,71.76711098226953,14.130733167656482,44.4723409329951,44.42074278527915,4.7368249326352365e+17,-2.896607718880135e+16
7.119140625,1.0092557890873311e+19,34597516728203.71,22.804042106107033,71.76650167098998,14.102632581217364,44.38233401077889,44.3335071135061,4.821243435592195e+17,-2.950061817963386e+16
7.138671875,1.0113078694991374e+19,34886627838757.434,22.80466135844825,71.76588549912091,14.074398618024485,44.29189596985506,44.24585274060838,4.907956562794935e+17,-3.004992858524661e+16
7.158203125,1.0133782478797179e+19,35181461908636.793,22.805287686534268,71.76526233601835,14.046029736577372,44.20102177568035,44.15777278971559,4.997039272201793e+17,-3.061449501853343e+16
7.177734375,1.015467214903859e+19,35482187330538.32,22.80592122658745,71.7646320475889,14.017524366915135,44.10970629974925,44.06926016680194,5.0885692509417344e+17,-3.1194821772485148e+16
7.197265625,1.017575067917279e+19,35788978637928.34,22.806562118472407,71.76399449616169,13.988880909891785,44.0179443171749,43.98030755327018,5.182627031839343e+17,-3.1791431504830156e+16
7.216796875,1.0197021111371772e+19,36102016762117.016,22.80721050581306,71.7633495403431,13.960097736427949,43.925730504190064,43.89090739829383,5.279296107791834e+17,-3.2404865951355704e+16
7.236328125,1.0218486558602545e+19,36421489301288.445,22.807866536114233,71.76269703486449,13.931173186738052,43.83305943556541,43.80105191096431,5.378663040663278e+17,-3.303568666931331e+16
7.255859375,1.0240150206787568e+19,36747590802101.82,22.80853036089269,71.76203683043707,13.902105569531983,43.73992558194148,43.71073305224048,5.480817566939296e+17,-3.3684475812566184e+16
7.275390625,1.0262015317050268e+19,37080523054517.414,22.809202135820883,71.76136877362343,13.87289316119021,43.64632330707092,43.619942526696306,5.585852708082927e+17,-3.4351836940295924e+16
7.294921875,1.0284085228048368e+19,37420495400542.53,22.809882020881346,71.76069270671776,13.843534204911274,43.55224686496732,43.5286717740611,5.6938648943878374e+17,-3.5038395861257668e+16
7.314453125,1.0306363358396072e+19,37767725057638.195,22.81057018052553,71.76000846761427,13.81402690983048,43.45769039695671,43.43691196054455,5.804954105118875e+17,-3.5744801515759964e+16
7.333984375,1.0328853209175742e+19,38122437457577.27,22.81126678382989,71.75931588963964,13.78436945010873,43.36264792862771,43.34465396993592,5.91922401744989e+17,-3.647172689774236e+16
7.353515625,1.0351558366541396e+19,38484866601600.54,22.811972004645103,71.7586148013352,13.754559963990125,43.26711336667618,43.25188839446362,6.036782147341647e+17,-3.721987001952564e+16
7.373046875,1.0374482504418288e+19,38855255432779.25,22.812686021738397,71.75790502618717,13.724596552827112,43.171080495639536,43.158605525396375,6.157739960927804e+17,-3.798995492200705e+16
7.392578125,1.0397629387305525e+19,39233856226563.805,22.81340901893418,71.75718638232003,13.69447728007183,43.07454297451661,43.0647953433619,6.282212937203223e+17,-3.8782732733248936e+16
7.412109375,1.0421002873193083e+19,39620931000577.54,22.81414118526729,71.75645868219588,13.664200170232165,42.97749433326755,42.97044750835125,6.410320576073792e+17,-3.959898277854277e+16
7.431640625,1.0444606916613482e+19,40016751944806.48,22.814882715181795,71.75572173242205,13.633763207791086,42.879927969189026,42.875551349368386,6.542186381206886e+17,-4.043951374508913e+16
7.451171875,1.0468445571861617e+19,40421601873872.71,22.815633808835656,71.7549753338547,13.603164336087545,42.781837143158995,42.78009585357626,6.677937920619725e+17,-4.130516490350533e+16
7.470703125,1.0492522996375402e+19,40835774649976.47,22.81639467248089,71.75421928190221,13.57240145615713,42.68321497574546,42.68406967123927,6.817707096644408e+17,-4.2196807407903736e+16
7.490234375,1.0516843454245917e+19,41259562897668.03,22.817165518838056,71.75345336676735,13.541472425531351,42.5840544431732,42.5874672993093,6.961630675170031e+17,-4.3115338965439896e+16
7.509765625,1.054141131989868e+19,41690854389513.94,22.817946567550045,71.75267737386618,13.510375056998846,42.48434837314229,42.49278240158791,7.10985112313535e+17,-4.4059116384091464e+16
7.529296875,1.056623108205446e+19,42134829719867.45,22.818738045882704,71.75189108508935,13.479107117296518,42.38408944048062,42.39498241149214,7.262517971304101e+17,-4.503413062560717e+16
7.548828125,1.0591307346703788e+19,42589421300761.71,22.819540187015757,71.75109427233396,13.447666325782459,42.283270162665076,42.29656817356665,7.419788205873178e+17,-4.603893929496024e+16
7.568359375,1.0616644841383619e+19,43054973919037.97,22.820353230815368,71.75028669874762,13.416050353057814,42.18188289514454,42.19753210234736,7.581825269868125e+17,-4.70745770517873e+16
7.587890625,1.0642248419498336e+19,43531859137033.586,22.82117742431049,71.7494681190806,13.384256819521548,42.07991982649374,42.09786043210953,7.748798604520184e+17,-4.8142057058053416e+16
7.607421875,1.0668123064804262e+19,44020463446227.95,22.822013022136645,71.74863827988567,13.352283293869288,41.977372973380255,41.99753894155088,7.92088372567049e+17,-4.9242593548923176e+16
7.626953125,1.0694273896086524e+19,44521189248652.48,22.82286028701704,71.74779691970468,13.320127291549454,41.87423417534054,41.896553014050234,8.098262160081172e+17,-5.037736346265268e+16
7.646484375,1.0720706172015081e+19,45034455502910.36,22.823719490192122,71.74694376907662,13.28778627315043,41.770495089350455,41.794887608651074,8.281121879480361e+17,-5.1547588511080184e+16
7.666015625,1.0747425296164205e+19,45560698502515.64,22.824590911763593,71.74607855019732,13.255257642727845,41.66614718418319,41.692527245380326,8.46965777551231e+17,-5.2754537169599576e+16
7.685546875,1.0774436822236619e+19,46100372693228.29,22.825474841014696,71.7452009764343,13.222538746066478,41.56118173454393,41.589455992424575,8.664072123966647e+17,-5.399952660324836e+16
7.705078125,1.080174645952207e+19,46653951533280.96,22.82637157674605,71.74431075181573,13.189626868873706,41.45558981497028,41.48565745332357,8.86457500055513e+17,-5.528392467634002e+16
7.724609375,1.0829360078609297e+19,47221928399068.93,22.82728142764146,71.7434075705345,13.156519234901145,41.34936229348717,41.38111475415601,9.071384652948248e+17,-5.660915205070569e+16
7.744140625,1.0857283717366024e+19,47804817539098.43,22.828204712666988,71.74249111647292,13.123213003991129,41.242489825004085,41.27581053068019,9.284727847700525e+17,-5.7976684375937064e+16
7.763671875,1.0885523587201288e+19,48403155079089.695,22.82914176150415,71.74156106274543,13.089705270044218,41.134962844441844,41.169726915450276,9.50484021338823e+17,-5.938805457512644e+16
7.783203125,1.091408607962387e+19,49017500081377.01,22.830092915015136,71.7406170712475,13.055993058903937,41.026771559575195,41.06284552487243,9.731966599282592e+17,-6.084485522988637e+16
7.802734375,1.094297777310989e+19,49648435661899.51,22.83105852573452,71.73965879218758,13.022073326154585,40.91790594357732,40.95514744620724,9.96636146086375e+17,-6.2348741068623704e+16
7.822265625,1.0972205440293812e+19,50296570168294.18,22.83203895838267,71.73868586358017,12.987942954827783,40.80835572725045,40.84661322452085,1.0208289272088884e+18,-6.390143156231521e+16
7.841796875,1.1001776055500456e+19,50962538422829.79,22.833034590400327,71.73769791069243,12.953598753013104,40.69811039092698,40.73722284959088,1.0458024956645197e+18,-6.550471363231406e+16
7.861328125,1.1031696802638715e+19,51647003034168.97,22.83404581250849,71.73669454544982,12.919037451367851,40.58715915602351,40.62695574277462,1.0715854330193741e+18,-6.716044447501184e+16
7.880859375,1.1061975083479982e+19,52350655782212.98,22.83507302929939,71.73567536581139,12.884255700520834,40.47549097623007,40.51579074384862,1.0982074550979854e+18,-6.887055450848508e+16
7.900390625,1.1092618526345028e+19,53074219080574.2,22.836116659863254,71.73463995512098,12.849250068364586,40.36309452831472,40.40370609782895,1.1256994582240996e+18,-7.06370504465666e+16
7.919921875,1.1123634995223562e+19,53818447521557.984,22.83717713845327,71.73358788143376,12.814017037230125,40.24995820252352,40.29067944178172,1.1540935672982804e+18,-7.246201850821715e+16
7.939453125,1.1155032599351329e+19,54584129509028.38,22.83825491518944,71.73251869680983,12.778553000938079,40.13607009255361,40.17668779163199,1.183423186285786e+18,-7.434762778934211e+16
7.958984375,1.118681970327139e+19,55372088983386.75,22.83935045680211,71.73143193656779,12.742854261719538,40.02141798507649,40.061707528980186,1.2137230514014986e+18,-7.62961337208999e+16
7.978515625,1.1219004937408467e+19,56183187247601.81,22.840464247416712,71.73032711849183,12.706917026999582,39.90598934878661,39.9457143879286,1.2450292870348992e+18,-7.830988169989672e+16
7.998046875,1.1251597209187484e+19,57018324897658.61,22.841596789382027,71.72920374198763,12.670737406035967,39.78977132294894,39.8286834419277,1.2773794642891238e+18,-8.039131091683096e+16
8.017578125,1.1284605714730228e+19,57878443865727.85,22.842748604145445,71.72806128718551,12.634311406405049,39.67275070541764,39.71058909064058,1.3108126619824264e+18,-8.254295832727976e+16
8.037109375,1.1318039951166478e+19,58764529583141.59,22.843920233178938,71.7268992139882,12.597634930326368,39.55491394009562,39.59140504682557,1.3453695300305646e+18,-8.476746279861886e+16
8.056640625,1.1351909729598628e+19,59677613271072.055,22.84511223895978,71.72571696106165,12.560703770816861,39.436247103803275,39.471104323233995,1.3810923552063025e+18,-8.70675694400674e+16
8.076171875,1.1386225188761901e+19,60618774367397.19,22.8463252060108,71.7245139447671,12.523513607665038,39.31673589252219,39.34965921951593,1.4180251294075162e+18,-8.944613412472128e+16
8.095703125,1.1420996809424957e+19,61589143098873.26,22.847559742004343,71.7232895580308,12.486060003214776,39.19636560697742,39.227041309123514,1.4562136206658598e+18,-9.190612821266021e+16
8.115234375,1.1456235429578971e+19,62589903208423.086,22.848816478934285,71.72204316914559,12.448338397947715,39.07512113751923,39.10322142619743,1.495705447125474e+18,-9.44506434846418e+16
8.134765625,1.1491952260466657e+19,63622294848098.7,22.850096074360373,71.72077412049782,12.410344105852484,38.95298694826288,38.97816965241745,1.5365501541451963e+18,-9.708289729634477e+16
8.154296875,1.152815890350693e+19,64687617649087.64,22.851399212729916,71.71948172721282,12.372072309568123,38.829947060441484,38.85185530379381,1.5787992945848515e+18,-9.980623796358195e+16
8.173828125,1.1564867368175208e+19,65787233981017.4,22.8527266067823,71.71816527571265,12.333518055288236,38.70598503492438,38.7242469173703,1.6225065122762834e+18,-1.0262415038938531e+17
8.193359375,1.160209009090435e+19,66922572413770.23,22.854078999042915,71.71682402218016,12.294676247411452,38.58108395384963,38.59531223780503,1.6677276286746324e+18,-1.055402619443556e+17
8.212890625,1.163983995507646e+19,68095131396066.68,22.85545716341346,71.71545719092371,12.255541642922639,38.45522640131545,38.46501820378837,1.7145207327397307e+18,-1.085583486121827e+17
8.232421875,1.1678130312181336e+19,69306483166212.77,22.856861906866538,71.71406397263566,12.21610884548835,38.32839444307177,38.33333093425157,1.7629462741651523e+18,-1.1168234141276694e+17
8.251953125,1.1716975004223257e+19,70558277911647.02,22.85829407125208,71.71264352253559,12.176372299248616,38.20056960514821,38.200215714312314,1.813067160071338e+18,-1.1491633311591438e+17
8.271484375,1.1756388387464602e+19,71852248195274.9,22.859754535224393,71.7111949583892,12.136326282286007,38.07173285135025,38.06563698089621,1.8649488552371566e+18,-1.1826458525913368e+17
8.291015625,1.1796385357602066e+19,73190213668056.84,22.86124421629916,71.70971735839188,12.095964899751305,37.94186455955,37.92955830796549,1.9186594859020234e+18,-1.2173153548363074e+17
8.310546875,1.1836981376479398e+19,74574086088927.7,22.862764073050663,71.70820975890656,12.055282076623753,37.81094449669255,37.79194239127775,1.9742699471249802e+18,-1.2532180520317494e+17
8.330078125,1.1878192500449434e+19,76005874674893.8,22.864315107460744,71.70667115204353,12.014271550081961,37.67895179243224,37.652751032588384,2.0318540136569907e+18,-1.290402076211019e+17
8.349609375,1.1920035410508048e+19,77487691806084.6,22.86589836743201,71.7051004830706,11.972926861459854,37.54586491130701,37.51194512320143,2.0914884542876872e+18,-1.3289175611130707e+17
8.369140625,1.1962527444333113e+19,79021759112654.1,22.867514949478995,71.7034966476388,11.931241347759942,37.41166162335116,37.36948462676306,2.1532531496149048e+18,-1.3688167297968058e+17
8.388671875,1.2005686630373392e+19,80610413972751.97,22.869166001612044,71.70185848880848,11.889208132694014,37.27631897303897,37.225328561181506,2.2172312131439183e+18,-1.410153986230287e+17
8.408203125,1.2049531724145099e+19,82256116453333.77,22.870852726430396,71.70018479385845,11.846820117219025,37.13981324644291,37.07943497954598,2.2835091155783176e+18,-1.452986011031077e+17
8.427734375,1.2094082246908223e+19,83961456728384.52,22.872576384442315,71.69847429085952,11.804069969533176,37.0021199364803,36.931760949905325,2.352176812101143e+18,-1.4973718615396733e+17
8.447265625,1.2139358526910392e+19,85729163012214.53,22.87433829763214,71.69672564499196,11.760950114494484,36.863213706111885,36.78226253375435,2.4233278723872456e+18,-1.5433730764134714e+17
8.466796875,1.2185381743403401e+19,87562110048884.6,22.87613985329587,71.69493745458378,11.717452722420864,36.72306834934406,36.63089476306293,2.4970596130035835e+18,-1.591053784933815e+17
8.486328125,1.223217397365682e+19,89463328202563.75,22.877982508169307,71.69310824684511,11.673569697227352,36.58165674987372,36.477611615668664,2.573473231750802e+18,-1.6404808212233914e+17
8.505859375,1.2279758243214498e+19,91436013197759.12,22.879867792875363,71.69123647327136,11.629292663852295,36.43895083720082,36.32236598883928,2.6526739434148577e+18,-1.6917238435753075e+17
8.525390625,1.2328158579663309e+19,93483536562929.12,22.881797316719673,71.68932050468435,11.584612954920168,36.29492154001787,36.1651096707954,2.734771116279993e+18,-1.7448554590986013e+17
8.544921875,1.2377400070209829e+19,95609456836045.12,22.883772772867,71.68735862587799,11.539521596584072,36.14953873666886,36.00579330996779,2.819878408599751e+18,-1.799951353887236e+17
8.564453125,1.2427508923389827e+19,97817531596273.55,22.885795943934163,71.68534902983117,11.494009293485963,36.002771202451335,35.84436638174596,2.908113904063695e+18,-1.8570904289209606e+17
8.583984375,1.247851253526787e+19,100111730392159.97,22.88786870803899,71.6832898114449,11.448066412766982,35.85458655351387,35.68077715245616,2.9996002450368773e+18,-1.9163549419060595e+17
8.603515625,1.25304395605211e+19,102496248643599.67,22.889993045350042,71.68117896075984,11.401682967054242,35.704951187078954,35.514972640288015,3.094464762138418e+18,-1.9778306552619907e+17
8.623046875,1.2583319988841296e+19,104975522602551.97,22.892171045185776,71.6790143556012,11.354848596343441,35.55383021769495,35.346898572867616,3.1928395984595297e+18,-2.0416069904556154e+17
8.642578125,1.263718522713521e+19,107554245465999.44,22.894404913718155,71.67679375359488,11.307552548689257,35.40118740919281,35.176499341153026,3.2948618263607296e+18,-2.10777718887772e+17
8.662109375,1.2692068188053592e+19,110237384744182.22,22.896696982341687,71.67451478349054,11.259783659607027,35.24698510199151,35.00371794930498,3.4006735544020485e+18,-2.176438479446292e+17
8.681640625,1.274800338543677e+19,113030200997771.8,22.899049716776013,71.6721749357198,11.211530330079903,35.09118413536074,34.82849596015976,3.5104220214622556e+18,-2.247692253106721e+17
8.701171875,1.280502703732872e+19,115938268069549.56,22.901465726978756,71.66977155211103,11.162780503055382,34.93374376421051,34.65077343590473,3.624259674578718e+18,-2.3216442443801677e+17
8.720703125,1.2863177177283557e+19,118967494949471.39,22.90394777795351,71.66730181466865,11.113521638303476,34.77462156993313,34.47048887352761,3.742344226307488e+18,-2.3984047200864333e+17
8.740234375,1.2922493774770504e+19,122124149426945.98,22.906498801549816,71.66476273331844,11.063740685496045,34.61377336477405,34.28757913457938,3.864838686620505e+18,-2.4780886753359517e+17
8.759765625,1.2983018865574838e+19,125414883700937.17,22.90912190936252,71.66215113250347,11.013424055352253,34.45115308915312,34.10197936875675,3.991911363410289e+18,-2.5608160368453325e+17
8.779296875,1.3044796693197253e+19,128846762137386.89,22.91182040685277,71.65946363650443,10.962557588679198,34.28671270129595,33.913622930772966,4.123735824511835e+18,-2.6467118735805373e+17
8.798828125,1.3107873862371918e+19,132427291384744.0,22.914597808827995,71.65669665333897,10.91112652311855,34.12040205846563,33.722441289945884,4.26049081285167e+18,-2.7359066146693283e+17
8.818359375,1.3172299505958455e+19,136164453082414.84,22.917457856436684,71.65384635707849,10.859115457389814,33.95216878900681,33.528363931887895,4.402360104770648e+18,-2.8285362744473325e+17
8.837890625,1.323812546661545e+19,140066739424133.7,22.920404535853727,71.65090866839536,10.806508312797993,33.78195815432586,33.33131825163431,4.5495322996512005e+18,-2.924742684407112e+17
8.857421875,1.330540649483789e+19,144143191869051.5,22.923442098855812,71.6478792331284,10.753288291747728,33.6097128998307,33.13122943749336,4.702200526515068e+18,-3.024673731703176e+17
8.876953125,1.3374200465140736e+19,148403443328299.97,22.92657508551423,71.64475339862649,10.69943783297683,33.435373093740985,32.92802034484274,4.860562050359825e+18,-3.1284836037233517e+17
8.896484375,1.344456861240015e+19,152857764194559.28,22.929808349264974,71.64152618759776,10.644938563189351,33.258875952550284,32.7216113590323,5.024817757692973e+18,-3.236333038063102e+17
8.916015625,1.3516575790626435e+19,157517112627475.66,22.93314708465251,71.6381922691514,10.589771244730931,33.08015565177598,32.51192024648063,5.195171496742466e+18,-3.3483895770271565e+17
8.935546875,1.359029075674583e+19,162393189559534.06,22.936596858087047,71.63474592667434,10.533915718906787,32.89914312046526,32.29886199297309,5.371829243000713e+18,-3.464827825524167e+17
8.955078125,1.3665786482316118e+19,167498498946225.8,22.940163642003085,71.63118102212414,10.47735084449456,32.715765817735026,32.08234862807908,5.554998054545058e+18,-3.585829710904802e+17
8.974609375,1.3743140496504965e+19,172846413852287.72,22.94385385286527,71.62749095625553,10.420054430948921,32.529947489404684,31.86228903450662,5.744884773500592e+18,-3.711584742909085e+17
8.994140625,1.3822435264129686e+19,178451249043882.8,22.947674393537927,71.62366862422839,10.36200316573203,32.34160790252928,31.63858874109965,5.941694420420439e+18,-3.842290271409579e+17
9.013671875,1.390375860310384e+19,184328340846665.16,22.951632700618127,71.61970636596608,10.303172535131546,32.15066255535175,31.411149698058065,6.145628217434004e+18,-3.978151739114645e+17
9.033203125,1.3987204146272088e+19,190494135133470.12,22.955736797426848,71.61559591052755,10.243536737844748,31.95702235985806,31.179870032818073,6.356881162944854e+18,-4.119382925644769e+17
9.052734375,1.4072871853355393e+19,196966284425696.62,22.95999535346045,71.61132831361668,10.18306859051176,31.760593293732658,30.94464378487107,6.575639063213085e+18,-4.266206178381221e+17
9.072265625,1.4160868579599976e+19,203763755230793.56,22.96441775123554,71.6068938871971,10.121739424270075,31.561276018062163,30.705360617618144,6.802074902723791e+18,-4.418852624077165e+17
9.091796875,1.4251308708758909e+19,210906946712506.56,22.969014161632632,71.6022821200457,10.059518971274366,31.358965456611863,30.461905505090233,7.036344408320987e+18,-4.577562250349626e+17
9.111328125,1.4344314859262224e+19,218417805416163.72,22.97379562905582,71.59748158793336,9.996375239976713,31.15355033188832,30.214158379782003,7.278580635785107e+18,-4.742569484965185e+17
9.130859375,1.4440018673874876e+19,226320083391461.84,22.978774167959955,71.59247985189025,9.932274377787927,30.94491265248465,29.961993814881772,7.528887370271421e+18,-4.914165611227941e+17
9.150390625,1.4538561704830724e+19,234639209768220.12,22.983962872539905,71.5872633425959,9.867180519539389,30.73292714536272,29.70528053982948,7.787331143025163e+18,-5.0926111182000966e+17
9.169921875,1.4640096408500687e+19,243402873225524.84,22.989376041746613,71.58181722870175,9.801055619923146,30.517460625731662,29.44388102986966,8.053931512359551e+18,-5.278157859087186e+17
9.189453125,1.474478726600455e+19,252640920509436.56,22.995029322057743,71.57612526597427,9.733859267811997,30.298371296004824,29.17765106976838,8.328649234916161e+18,-5.4711063139438605e+17
9.208984375,1.4852812049259645e+19,262385706933582.38,23.00093987113861,71.57016962428925,9.66554848002631,30.075507963916515,28.906439185516703,8.611371882250079e+18,-5.671751601760954e+17
9.228515625,1.4964363255423814e+19,272672333227595.0,23.007126545985884,71.56393068837019,9.59607747172207,29.848709168208387,28.630086084704114,8.901896266147116e+18,-5.88039726937164e+17
9.248046875,1.5079649736795849e+19,283538934209271.25,23.013610119572373,71.55738682633566,9.525397400107904,29.617802198291773,28.348424031282565,9.199906815798052e+18,-6.09735482993598e+17
9.267578125,1.5198898558168816e+19,295027004953291.06,23.020413530455677,71.5505141176001,9.453456077641553,29.382601991879675,28.06127616088109,9.504948486066133e+18,-6.322942960135992e+17
9.287109375,1.5322357119938994e+19,307181770060452.3,23.02756217080668,71.54328602990236,9.380197650188402,29.142909891663937,27.76845573017305,9.816391905090357e+18,-6.557486393244607e+17
9.306640625,1.545029559350741e+19,320052602884452.2,23.03508422025844,71.53567303521599,9.305562234817579,28.89851223856647,27.46976529287944,1.0133387474974663e+19,-6.801314439607764e+17
9.326171875,1.5583009725873326e+19,333693502865264.1,23.043011035616107,71.5276421548577,9.229485510934383,28.649178774760294,27.16499579398015,1.0454804270058303e+19,-7.054759040678632e+17
9.345703125,1.5720824082961981e+19,348163640689534.8,23.051377609356763,71.51915642335989,9.151898257264524,28.394660824336317,26.853925572532685,1.07791488837574e+19,-7.318152224037801e+17
9.365234375,1.5864095817407764e+19,363527982940576.06,23.060223113983458,71.51017426106156,9.072725825765733,28.134689212921813,26.53631926213639,1.1104459007439167e+19,-7.591822791966252e+17
9.384765625,1.6013219069278317e+19,379858010273653.9,23.06959155788209,71.50064875604926,8.99188754176669,27.868971879393655,26.211926576471978,1.1428167910208365e+19,-7.876092037981718e+17
9.404296875,1.6168630140599861e+19,397232546080374.1,23.07953259380804,71.49052688362796,8.909296017406549,27.59719112262488,25.88048096536203,1.17469427466907e+19,-8.17126822124872e+17
9.423828125,1.6330813625366614e+19,415738716285725.25,23.090102539223242,71.47974872118382,8.824856362633069,27.31900041335896,25.541698124329116,1.2056515796900782e+19,-8.47763944174273e+17
9.443359375,1.6500309718645699e+19,435473065518915.0,23.101365675218553,71.46824670506368,8.738465274465618,27.034020685029606,25.195274337674604,1.2351552374626568e+19,-8.795464448577386e+17
9.462890625,1.6677722962907306e+19,456542860679673.94,23.113395873395667,71.45594487682291,8.650009980754279,26.741835996551895,24.840884631885547,1.2625620433972285e+19,-9.124960762798831e+17
9.482421875,1.6863732714724151e+19,479067620198604.8,23.12627855223784,71.44275786017204,8.55936700872105,26.441988433310982,24.47818071315701,1.2871320269937111e+19,-9.466289289876776e+17
9.501953125,1.7059105626985843e+19,503180916453116.8,23.140112853073173,71.42858896993214,8.466400731350733,26.133972077771567,24.106788660827032,1.3080443631770788e+19,-9.819534313202045e+17
9.521484375,1.7264709304298482e+19,529032509566514.25,23.15501257274352,71.41332166007355,8.370961743100379,25.817225834353977,23.72630635999236,1.3244057249460634e+19,-1.0184677357579218e+18
9.541015625,1.7481534619323073e+19,556790889829504.5,23.171114149571252,71.39683241686471,8.272884639661877,25.491124836315063,23.336300595640864,1.3352758474471246e+19,-1.056156286459714e+18
9.560546875,1.7710707895313449e+19,586646316242281.1,23.188567627330617,71.37894344045684,8.171985903964323,25.15497007433903,22.936303863455286,1.3393879834074685e+19,-1.0949852871174967e+18
9.580078125,1.7953519465047284e+19,618814466155742.9,23.20754246424285,71.35942074986784,8.068060814956414,24.807975779765187,22.525810898781927,1.3342811078413236e+19,-1.134896649386111e+18
9.599609375,1.8211449645330606e+19,653540847422164.8,23.228223411448596,71.33793252958887,7.960880107275307,24.44925394731341,22.104274867552792,1.3145583115455005e+19,-1.1757998632324127e+18
9.619140625,1.8486204926957167e+19,691106159130100.9,23.250810442839835,71.31401179172971,7.850185851609442,24.077795165767597,21.671103277326903,1.2687247759599772e+19,-1.2175609426602158e+18
9.638671875,1.8779772998992613e+19,731832859924235.6,23.275530948008907,71.2870433850889,7.735686561955927,23.692444636647238,21.22565348290712,1.1746073790403248e+19,-1.2599872261951542e+18
9.658203125,1.9094516684214067e+19,776093313609366.6,23.30268445963994,71.25633021595723,7.617051477107077,23.291871844528192,20.767227389534902,9.949476086749393e+18,-1.3028062311409807e+18
9.677734375,1.9433340428299354e+19,824320071433056.5,23.332755276018435,71.22132697966815,7.493904834568155,22.87453174420503,20.29506437103785,6.783819377730665e+18,-1.345635908239761e+18
9.697265625,1.979997377428377e+19,877019170245672.0,23.36665459307284,71.1821401494071,7.365827265482326,22.438614446111146,19.80833043061625,1.7791899039172557e+18,-1.3879424097243474e+18
9.716796875,2.0199404809513824e+19,934787796973029.4,23.4060888957207,71.14030979292386,7.232357468843273,21.981979033524468,19.306100669136764,-4.920663796446057e+18,-1.4289797332066112e+18
9.736328125,2.063842031660233e+19,998338140339734.8,23.453829756159795,71.09957633498179,7.092950381292976,21.50206498148604,18.787332969437387,-1.1346804240235176e+19,-1.4677031854631887e+18
9.755859375,2.1126159959581647e+19,1068529607140897.8,23.5137857407389,71.06615015296033,6.946908825670664,20.995771393910914,18.25083381652326,-1.1910873669408106e+19,-1.5026453872512748e+18
9.775390625,2.167269010383309e+19,1146408622456979.0,23.58904142548727,71.04175810004742,6.79339830033236,20.459286761232157,17.69524387830853,3.89801156216168e+18,-1.5317394824541348e+18
9.794921875,2.2288440193637945e+19,1233254950003338.2,23.68041357022996,71.01952508298692,6.631308198397969,19.887843666566614,17.11906793652407,4.961856611529852e+19,-1.5520605290745277e+18
9.814453125,2.297639759695023e+19,1330619654524874.2,23.77785205664851,70.95702321830558,6.45922315526331,19.27538493860711,16.520847025495367,1.279745450209923e+20,-1.5594453700892516e+18
9.833984375,2.3722267037799813e+19,1440318022085645.5,23.848501609790617,70.74627265446321,6.274722351477492,18.613883146662914,15.899634723642405,1.8752897535766892e+20,-1.5478769954424643e+18
9.853515625,2.4489082349831303e+19,1564354816689072.8,23.85006150926746,70.20250418239867,6.078642441968254,17.89244547728447,15.255735497370837,3.687669106486967e+19,-1.5083221479525724e+18
9.873046875,2.52350686965177e+19,1704805684234681.2,23.729993479065342,69.11993088120262,5.869251691671422,17.09576006228158,14.59143225765643,-7.832752491613146e+20,-1.426200824373176e+18
9.892578125,2.5990734524734767e+19,1863876029470715.5,23.510817873606737,67.46347212341739,5.645972912633882,16.200922553058483,13.910674961985517,-3.062702713878267e+21,-1.275413056096419e+18
9.912109375,2.7184144700936983e+19,2045317831780237.2,23.479651160173226,66.07546437423198,5.390953344077188,15.170998338618068,13.214066474283568,-7.563468840820734e+21,-1.0031578092584933e+18
9.931640625,3.0253434542985548e+19,2259977444724811.0,24.740726145662485,67.51440373899074,5.104196236876656,13.928724908147311,12.483963030286862,-1.3222498766629047e+22,-4.867256520223441e+17
9.951171875,3.84898422156203e+19,2538486876141800.5,29.378708006852946,76.09318591720353,4.764048436298601,12.33926374382901,11.664267372244097,-7.525018281838555e+21,6.006178499415588e+17
9.970703125,5.630891761726312e+19,2942543105484885.0,37.772889739029054,90.05216656833251,4.186900477775775,9.981747891920753,10.679883329243276,9.110977837867595e+22,3.064874711078588e+18
